error,threshold
0.023769930005073547,0.0
2.130866050720215e-05,0.0
0.005129918456077576,0.0
0.011100873351097107,0.0
0.003687635064125061,0.0
0.0003375709056854248,0.0
0.005687698721885681,0.0
0.010321393609046936,0.0
0.003499239683151245,0.0
0.0027230530977249146,0.0
6.271898746490479e-05,0.0
0.0020717084407806396,0.0
0.008404672145843506,0.0
0.0021172016859054565,0.0
0.002525642514228821,0.0
0.008877173066139221,0.0
0.003244355320930481,0.0
0.001287907361984253,0.0
0.004247695207595825,0.0
0.0009171068668365479,0.0
0.004677310585975647,0.0
0.0007127225399017334,0.0
0.000412866473197937,0.0
0.003939688205718994,0.0
1.1444091796875e-05,0.0
0.0011961013078689575,0.0
0.0033841580152511597,0.0
0.009572476148605347,0.0
0.00045949220657348633,0.0
0.002149254083633423,0.0
0.001944899559020996,0.0
0.007562547922134399,0.0
0.004784762859344482,0.0
0.0011939853429794312,0.0
0.01065896451473236,0.0
0.00953751802444458,0.0
0.0014785230159759521,0.0
0.000762060284614563,0.0
0.00496046245098114,0.0
0.006481871008872986,0.0
0.005717158317565918,0.0
0.0014563947916030884,0.0
0.0006899535655975342,0.0
0.002110108733177185,0.0
0.0037445425987243652,0.0
0.002186313271522522,0.0
0.007481247186660767,0.0
0.0015516728162765503,0.0
0.004434943199157715,0.0
0.006718456745147705,0.0
0.027792662382125854,0.0
0.00443701446056366,0.0
0.0026843398809432983,0.0
0.016558900475502014,0.0
0.00668962299823761,0.0
0.012587547302246094,0.0
0.007906615734100342,0.0
0.00619940459728241,0.0
0.002610236406326294,0.0
0.005903229117393494,0.0
0.004766017198562622,0.0
0.003085017204284668,0.0
0.008007273077964783,0.0
0.00041115283966064453,0.0
0.00478188693523407,0.0
0.0006879717111587524,0.0
0.000680282711982727,0.0
7.367134094238281e-05,0.0
0.0018150359392166138,0.0
0.004343777894973755,0.0
0.0017204582691192627,0.0
0.0026022493839263916,0.0
0.0018072128295898438,0.0
0.0031502991914749146,0.0
0.006570160388946533,0.0
0.00265619158744812,0.0
0.0022377967834472656,0.0
0.0025353431701660156,0.0
0.001956060528755188,0.0
0.0004457533359527588,0.0
0.00285986065864563,0.0
0.002794206142425537,0.0
0.00021828711032867432,0.0
0.00546380877494812,0.0
0.0031188130378723145,0.0
0.002497062087059021,0.0
0.0036817044019699097,0.0
0.0011230707168579102,0.0
0.004204228520393372,0.0
0.0010770559310913086,0.0
0.0007574707269668579,0.0
0.007289722561836243,0.0
6.586313247680664e-05,0.0
0.0020896494388580322,0.0
0.002496585249900818,0.0
0.0018529295921325684,0.0
0.008002683520317078,0.0
0.0031029433012008667,0.0
0.0017578452825546265,0.0
0.0016575753688812256,0.0
0.021628394722938538,0.0
0.001248478889465332,0.0
0.011153772473335266,0.0
0.01619929075241089,0.0
0.0017514824867248535,0.0
0.0018725097179412842,0.0
0.012010946869850159,0.0
0.011223092675209045,0.0
0.0037780702114105225,0.0
0.0031389445066452026,0.0
0.0050279200077056885,0.0
0.003164544701576233,0.0
0.003089219331741333,0.0
0.004655376076698303,0.0
0.0022076964378356934,0.0
0.010524556040763855,0.0
0.00043411552906036377,0.0
0.002926245331764221,0.0
0.0010962337255477905,0.0
0.0007491856813430786,0.0
0.0028753280639648438,0.0
0.004173874855041504,0.0
0.0015682131052017212,0.0
0.0005433410406112671,0.0
0.005582869052886963,0.0
0.0018133223056793213,0.0
0.0035647153854370117,0.0
0.0019248276948928833,0.0
0.001988232135772705,0.0
0.009568765759468079,0.0
0.0032775551080703735,0.0
0.0002650916576385498,0.0
0.0017718374729156494,0.0
0.0043277740478515625,0.0
0.0023926645517349243,0.0
0.00381256639957428,0.0
0.008274853229522705,0.0
0.009311676025390625,0.0
0.004842162132263184,0.0
0.00041669607162475586,0.0
0.002738475799560547,0.0
0.0015357285737991333,0.0
0.004821941256523132,0.0
0.0034656822681427,0.0
0.005735337734222412,0.0
0.005987599492073059,0.0
0.003387138247489929,0.0
0.005709543824195862,0.0
0.008942261338233948,0.0
0.011321350932121277,0.0
0.013890847563743591,0.0
0.008600741624832153,0.0
0.00877581536769867,0.0
0.014444053173065186,0.0
0.002604559063911438,0.0
0.007079228758811951,0.0
0.010278895497322083,0.0
0.010042652487754822,0.0
0.009110718965530396,0.0
0.004555627703666687,0.0
0.002771735191345215,0.0
0.0040692538022994995,0.0
0.0034384429454803467,0.0
0.0012836456298828125,0.0
0.0016335546970367432,0.0
0.0016573220491409302,0.0
0.002192094922065735,0.0
0.0038259029388427734,0.0
0.00016939640045166016,0.0
0.0021366924047470093,0.0
0.002172514796257019,0.0
0.00588090717792511,0.0
0.0019195377826690674,0.0
0.003130584955215454,0.0
0.008854269981384277,0.0
0.0029460787773132324,0.0
0.00027839839458465576,0.0
0.001734033226966858,0.0
0.00547085702419281,0.0
0.0009639263153076172,0.0
0.0019284039735794067,0.0
0.00799781084060669,0.0
0.00010354816913604736,0.0
0.0014519691467285156,0.0
0.0008562356233596802,0.0
0.0014519691467285156,0.0
0.0007846206426620483,0.0
0.003583088517189026,0.0
0.0032348036766052246,0.0
0.00036212801933288574,0.0
0.0033213794231414795,0.0
0.00022269785404205322,0.0
0.0003212094306945801,0.0
0.0021604448556900024,0.0
0.0008649826049804688,0.0
0.0007355660200119019,0.0
0.006906852126121521,0.0
0.0014284998178482056,0.0
0.004158869385719299,0.0
0.0024962127208709717,0.0
0.013745531439781189,0.0
0.002467334270477295,0.0
0.005163699388504028,0.0
0.0134134441614151,0.0
0.0049615055322647095,0.0
0.008019596338272095,0.0
0.012567326426506042,0.0
0.0011929422616958618,0.0
0.006866380572319031,0.0
0.001872926950454712,0.0
0.0010377615690231323,0.0
0.0014731436967849731,0.0
0.007905751466751099,0.0
0.000517427921295166,0.0
0.0038272589445114136,0.0
0.0008400231599807739,0.0
0.0010541975498199463,0.0
0.00018133223056793213,0.0
0.0012602061033248901,0.0
0.003912001848220825,0.0
0.001853853464126587,0.0
0.001607254147529602,0.0
0.004095718264579773,0.0
0.0017544478178024292,0.0
0.003588274121284485,0.0
0.0027441084384918213,0.0
0.0015381276607513428,0.0
0.0025624483823776245,0.0
0.00219862163066864,0.0
0.00014562904834747314,0.0
0.006737500429153442,0.0
0.0014519691467285156,0.0
0.008891820907592773,0.0
0.0002614706754684448,0.0
0.009979858994483948,0.0
0.006482511758804321,0.0
0.0085582435131073,0.0
0.005924612283706665,0.0
0.002203240990638733,0.0
0.0014519691467285156,0.0
0.0071903616189956665,0.0
0.0018305182456970215,0.0
0.0033886730670928955,0.0
0.0009660124778747559,0.0
0.0025698095560073853,0.0
0.002861008048057556,0.0
0.005665898323059082,0.0
0.0014519691467285156,0.0
0.010009244084358215,0.0
0.0006405860185623169,0.0
0.0033046454191207886,0.0
0.01084589958190918,0.0
0.01040738821029663,0.0
0.009213805198669434,0.0
0.0036355257034301758,0.0
0.004683792591094971,0.0
0.0019714832305908203,0.0
0.011180877685546875,0.0
0.028697073459625244,0.0
0.00505518913269043,0.0
0.06083941459655762,0.0
0.043578386306762695,0.0
0.008135080337524414,0.0
0.0020723342895507812,0.0
0.0014519691467285156,0.0
0.0015300214290618896,0.0
0.010353505611419678,0.0
0.08743715286254883,0.0
0.005569577217102051,0.0
0.008674263954162598,0.0
0.0006625950336456299,0.0
0.07682418823242188,0.0
0.0014519691467285156,0.0
0.065762460231781,0.0
0.0014635324478149414,0.0
0.01654982566833496,0.0
0.0292586088180542,0.0
0.0010085701942443848,0.0
0.08616495132446289,0.0
0.01573389768600464,0.0
0.05710864067077637,0.0
0.016447246074676514,0.0
0.013591289520263672,0.0
0.005772590637207031,0.0
0.01648232340812683,0.0
0.09721183776855469,0.0
0.024592161178588867,0.0
0.059500277042388916,0.0
0.14613699913024902,0.0
0.0017905235290527344,0.0
0.06104683876037598,0.0
0.01573389768600464,0.0
0.0771106481552124,0.0
0.1058511734008789,0.0
0.04824960231781006,0.0
0.11086630821228027,0.0
0.01573389768600464,0.0
0.0055811405181884766,0.0
0.08753269910812378,0.0
0.12557846307754517,0.0
0.06045132875442505,0.0
0.008363187313079834,0.0
0.01573389768600464,0.0
0.011754095554351807,0.0
0.002492278814315796,0.0
0.001024484634399414,0.0
0.011180877685546875,0.0
0.008101105690002441,0.0
0.013667821884155273,0.0
0.017676353454589844,0.0
0.029132604598999023,0.0
0.011180877685546875,0.0
0.016623973846435547,0.0
0.021341443061828613,0.0
0.006153583526611328,0.0
0.0072013139724731445,0.0
0.0025178194046020508,0.0
0.0014519691467285156,0.0
0.006117761135101318,0.0
0.007206082344055176,0.0
0.00032079219818115234,0.0
0.0014519691467285156,0.0
0.0003038644790649414,0.0
0.0050275325775146484,0.0
0.004790514707565308,0.0
0.003017425537109375,0.0
0.006013631820678711,0.0
0.01573389768600464,0.0
0.08715283870697021,0.0
0.04189133644104004,0.0
0.039980947971343994,0.0
0.027516603469848633,0.0
0.05617338418960571,0.0
0.07651686668395996,0.0
0.0292586088180542,0.0
0.004390239715576172,0.0
0.1434342861175537,0.0
0.11873698234558105,0.0
0.00854349136352539,0.0
0.11086893081665039,0.0
0.05617338418960571,0.0
0.15426993370056152,0.0
0.09681558609008789,0.0
0.0018322467803955078,0.0
0.11034053564071655,0.0
0.03601193428039551,0.0
0.03611552715301514,0.0
0.01573389768600464,0.0
0.1280847191810608,0.0
0.06552934646606445,0.0
0.09623062610626221,0.0
0.0056143999099731445,0.0
0.0292586088180542,0.0
0.053933143615722656,0.0
0.004327893257141113,0.0
0.008406758308410645,0.0
0.005194127559661865,0.0
0.0079575777053833,0.0
0.018664121627807617,0.0
0.013548970222473145,0.0
0.034634947776794434,0.0
0.01845085620880127,0.0
0.011180877685546875,0.0
0.03103053569793701,0.0
0.038309574127197266,0.0
0.024233579635620117,0.0
0.0017739534378051758,0.0
0.011180877685546875,0.0
0.009188711643218994,0.0
0.006325244903564453,0.0
0.011140823364257812,0.0
0.00932455062866211,0.0
0.008631736040115356,0.0
0.021744251251220703,0.0
0.018655598163604736,0.0
0.025803327560424805,0.0
0.052971601486206055,0.0
0.0292586088180542,0.0
0.010309696197509766,0.0
0.06596529483795166,0.0
0.01573389768600464,0.0
0.002111196517944336,0.0
0.04680001735687256,0.0
0.03332662582397461,0.0
0.059556543827056885,0.0
0.06541520357131958,0.0
0.0292586088180542,0.0
0.02737903594970703,0.0
0.05844521522521973,0.0
0.0014519691467285156,0.0
0.12575775384902954,0.0
0.01573389768600464,0.0
0.0031723976135253906,0.0
0.0078965425491333,0.0
0.005419373512268066,0.0
0.008515745401382446,0.0
0.0003033876419067383,0.0
0.08747994899749756,0.0
0.013055205345153809,0.0
0.0014519691467285156,0.0
0.007138490676879883,0.0
0.009786427021026611,0.0
0.0014519691467285156,0.0
0.011373698711395264,0.0
0.01370161771774292,0.0
0.01927781105041504,0.0
0.041747331619262695,0.0
0.024705708026885986,0.0
0.013916730880737305,0.0
0.016282379627227783,0.0
0.0172044038772583,0.0
0.03205692768096924,0.0
0.011180877685546875,0.0
0.0029532909393310547,0.0
0.01631748676300049,0.0
0.01091301441192627,0.0
0.028774142265319824,0.0
0.011180877685546875,0.0
0.005631208419799805,0.0
0.0014519691467285156,0.0
0.009224414825439453,0.0
0.0002957582473754883,0.0
0.0014519691467285156,0.0
0.0011778473854064941,0.0
0.010304421186447144,0.0
2.1159648895263672e-05,0.0
0.00019299983978271484,0.0
0.009654104709625244,0.0
0.00026232004165649414,0.0
0.04403567314147949,0.0
0.0014519691467285156,0.0
8.499622344970703e-05,0.0
0.01573389768600464,0.0
0.0007582306861877441,0.0
0.0014519691467285156,0.0
0.0017253756523132324,0.0
0.0037447214126586914,0.0
0.0014519691467285156,0.0
0.009931445121765137,0.0
0.0014519691467285156,0.0
0.013329029083251953,0.0
0.023860454559326172,0.0
0.011180877685546875,0.0
0.01274120807647705,0.0
0.0014519691467285156,0.0
2.8789043426513672e-05,0.0
0.0005009174346923828,0.0
0.0014519691467285156,0.0
0.0015842914581298828,0.0
0.0013712048530578613,0.0
0.010576188564300537,0.0
0.011180877685546875,0.0
0.008677005767822266,0.0
0.014249444007873535,0.0
0.0014519691467285156,0.0
0.0037949681282043457,0.0
0.006838679313659668,0.0
0.007878780364990234,0.0
0.004190266132354736,0.0
0.009111225605010986,0.0
0.0014519691467285156,0.0
0.007176637649536133,0.0
0.0014519691467285156,0.0
0.0014624595642089844,0.0
0.0014519691467285156,0.0
0.016108989715576172,0.0
0.010643750429153442,0.0
0.0014519691467285156,0.0
0.010786831378936768,0.0
0.01573389768600464,0.0
0.00024887919425964355,0.0
0.009251952171325684,0.0
0.0014519691467285156,0.0
0.004962325096130371,0.0
0.0014519691467285156,0.0
0.01094353199005127,0.0
0.0010224580764770508,0.0
0.0014519691467285156,0.0
0.006340742111206055,0.0
0.011311113834381104,0.0
0.0014519691467285156,0.0
0.003538370132446289,0.0
0.0014519691467285156,0.0
0.001437544822692871,0.0
0.0014519691467285156,0.0
0.0014545917510986328,0.0
0.012584805488586426,0.0
0.005221366882324219,0.0
0.0014519691467285156,0.0
0.006475567817687988,0.0
0.0014519691467285156,0.0
0.01261758804321289,0.0
0.0014519691467285156,0.0
0.0006731152534484863,0.0
0.003435075283050537,0.0
0.0037009716033935547,0.0
0.0072064995765686035,0.0
0.0014519691467285156,0.0
0.001681685447692871,0.0
0.004148960113525391,0.0
0.02243053913116455,0.0
0.0034894943237304688,0.0
0.0014519691467285156,0.0
0.005966663360595703,0.0
0.0014519691467285156,0.0
0.013709545135498047,0.0
0.011180877685546875,0.0
0.009653329849243164,0.0
0.006551265716552734,0.0
0.008265495300292969,0.0
0.0020128488540649414,0.0
0.0034726858139038086,0.0
0.0014519691467285156,0.0
0.010622859001159668,0.0
0.0014519691467285156,0.0
0.004568696022033691,0.0
0.0014519691467285156,0.0
0.005552530288696289,0.0
0.0015677213668823242,0.0
0.0035104751586914062,0.0
0.0022167563438415527,0.0
0.0014519691467285156,0.0
0.005072236061096191,0.0
0.006155967712402344,0.0
0.0014519691467285156,0.0
0.004072427749633789,0.0
0.004597008228302002,0.0
0.003361046314239502,0.0
0.0012194514274597168,0.0
0.0014519691467285156,0.0
0.0011309981346130371,0.0
0.0013031959533691406,0.0
0.0014519691467285156,0.0
0.0025342702865600586,0.0
0.009810924530029297,0.0
0.0020596981048583984,0.0
0.0014519691467285156,0.0
7.295608520507812e-05,0.0
0.0006093382835388184,0.0
0.0005432367324829102,0.0
0.0031930208206176758,0.0
0.007332146167755127,0.0
0.0014519691467285156,0.0
0.007949590682983398,0.0
0.0014519691467285156,0.0
0.003694891929626465,0.0
0.0014519691467285156,0.0
0.003071308135986328,0.0
0.009437084197998047,0.0
0.010530710220336914,0.0
0.017297744750976562,0.0
0.011598944664001465,0.0
0.0014519691467285156,0.0
0.019077599048614502,0.0
0.002201080322265625,0.0
0.011180877685546875,0.0
0.011912703514099121,0.0
0.011180877685546875,0.0
0.0013307034969329834,0.0
0.0021424293518066406,0.0
0.004689455032348633,0.0
0.010222554206848145,0.0
0.0014519691467285156,0.0
0.0018221139907836914,0.0
0.0048885345458984375,0.0
0.0023461580276489258,0.0
0.0001348257064819336,0.0
0.0014519691467285156,0.0
0.0068187713623046875,0.0
0.0027292370796203613,0.0
0.0031739473342895508,0.0
0.0014519691467285156,0.0
0.0030363798141479492,0.0
0.0019757747650146484,0.0
0.000915825366973877,0.0
0.0014519691467285156,0.0
0.006977081298828125,0.0
0.016780316829681396,0.0
0.0031998753547668457,0.0
0.0014519691467285156,0.0
0.0036908984184265137,0.0
0.004495859146118164,0.0
0.0014519691467285156,0.0
0.008248507976531982,0.0
0.0042029619216918945,0.0
0.007403016090393066,0.0
0.007619500160217285,0.0
0.0014519691467285156,0.0
0.0008270740509033203,0.0
0.00774383544921875,0.0
0.0066748857498168945,0.0
0.021024465560913086,0.0
0.0014519691467285156,0.0
0.009279847145080566,0.0
0.004899799823760986,0.0
0.0014519691467285156,0.0
0.007676541805267334,0.0
0.0007462501525878906,0.0
0.008172273635864258,0.0
0.002425670623779297,0.0
0.019908249378204346,0.0
0.004257678985595703,0.0
0.0014519691467285156,0.0
0.002348601818084717,0.0
0.013041824102401733,0.0
0.011176228523254395,0.0
0.000838935375213623,0.0
0.013606071472167969,0.0
0.0030363798141479492,0.0
0.0002770423889160156,0.0
0.009493827819824219,0.0
0.0014519691467285156,0.0
0.009109199047088623,0.0
0.099273681640625,0.0
0.027564644813537598,0.0
0.03432285785675049,0.0
0.010422706604003906,0.0
0.009026050567626953,0.0
0.0003701448440551758,0.0
0.0075168609619140625,0.0
0.006078541278839111,0.0
0.0042899250984191895,0.0
0.0014519691467285156,0.0
0.005090236663818359,0.0
0.006058931350708008,0.0
0.0067969560623168945,0.0
0.009222626686096191,0.0
0.0024694204330444336,0.0
0.009676098823547363,0.0
0.0014519691467285156,0.0
0.0028685331344604492,0.0
0.0014519691467285156,0.0
0.005163431167602539,0.0
0.01573389768600464,0.0
0.006526052951812744,0.0
0.0038537979125976562,0.0
0.0014519691467285156,0.0
0.019256412982940674,0.0
0.004285097122192383,0.0
0.0018854141235351562,0.0
0.010979056358337402,0.0
0.012595176696777344,0.0
0.008989274501800537,0.0
0.006928861141204834,0.0
0.006118059158325195,0.0
0.0008214712142944336,0.0
0.005704700946807861,0.0
0.0007401704788208008,0.0
0.0007312893867492676,0.0
0.006441593170166016,0.0
0.0316544771194458,0.0
0.011180877685546875,0.0
0.005895256996154785,0.0
0.004307687282562256,0.0
0.0014519691467285156,0.0
0.007270932197570801,0.0
0.004919528961181641,0.0
0.0014519691467285156,0.0
0.0068073272705078125,0.0
0.005222201347351074,0.0
0.011180877685546875,0.0
0.003446638584136963,0.0
0.02221500873565674,0.0
0.0005315542221069336,0.0
0.004447817802429199,0.0
0.0003185868263244629,0.0
0.002252340316772461,0.0
0.0028380155563354492,0.0
0.0024023056030273438,0.0
0.012440919876098633,0.0
0.0014519691467285156,0.0
0.009041547775268555,0.0
0.005966305732727051,0.0
0.009779214859008789,0.0
0.005918622016906738,0.0
0.006906747817993164,0.0
0.01094198226928711,0.0
0.007380813360214233,0.0
0.011424422264099121,0.0
0.01574552059173584,0.0
0.009993672370910645,0.0
0.006078839302062988,0.0
0.004143953323364258,0.0
0.009579598903656006,0.0
0.0066048502922058105,0.0
0.006828427314758301,0.0
0.00419926643371582,0.0
0.0010377168655395508,0.0
0.0031499266624450684,0.0
0.007161378860473633,0.0
0.011180877685546875,0.0
0.0030608177185058594,0.0
0.011180877685546875,0.0
0.005507051944732666,0.0
0.006485700607299805,0.0
0.009627819061279297,0.0
0.01573389768600464,0.0
0.1035509705543518,0.0
0.0001437664031982422,0.0
0.008816659450531006,0.0
0.03959512710571289,0.0
0.03825652599334717,0.0
0.011180877685546875,0.0
0.010853469371795654,0.0
0.01792430877685547,0.0
0.0279008150100708,0.0
0.01966679096221924,0.0
0.010079801082611084,0.0
0.006761074066162109,0.0
0.0094679594039917,0.0
0.011180877685546875,0.0
0.002306222915649414,0.0
0.026091337203979492,0.0
0.0022568106651306152,0.0
0.01611626148223877,0.0
0.002484261989593506,0.0
0.0017192363739013672,0.0
0.0014519691467285156,0.0
0.009675025939941406,0.0
0.005215585231781006,0.0
0.0005515217781066895,0.0
0.0006453394889831543,0.0
0.0014519691467285156,0.0
0.011139392852783203,0.0
0.0006092190742492676,0.0
0.002178668975830078,0.0
0.0014519691467285156,0.0
0.010631978511810303,0.0
0.011180877685546875,0.0
0.0007419586181640625,0.0
0.009972572326660156,0.0
0.0014519691467285156,0.0
0.002720952033996582,0.0
0.0051160454750061035,0.0
0.0018463134765625,0.0
0.0007277727127075195,0.0
0.014415264129638672,0.0
0.008297502994537354,0.0
0.009987592697143555,0.0
0.0009993314743041992,0.0
0.0019016265869140625,0.0
0.00025600194931030273,0.0
0.0014519691467285156,0.0
0.007317662239074707,0.0
0.00016021728515625,0.0
0.006751894950866699,0.0
0.004384398460388184,0.0
0.0006039738655090332,0.0
0.00917065143585205,0.0
0.006647825241088867,0.0
0.011180877685546875,0.0
0.009957313537597656,0.0
0.006546378135681152,0.0
0.01573389768600464,0.0
0.0011842846870422363,0.0
0.005334794521331787,0.0
0.0009281635284423828,0.0
0.0026655197143554688,0.0
0.01570117473602295,0.0
0.002017974853515625,0.0
0.0024886131286621094,0.0
0.0014519691467285156,0.0
0.01796579360961914,0.0
0.009069621562957764,0.0
0.005589604377746582,0.0
0.0032835006713867188,0.0
0.004286050796508789,0.0
0.0014519691467285156,0.0
0.012131571769714355,0.0
0.012186765670776367,0.0
0.0021529197692871094,0.0
0.008728742599487305,0.0
0.00819617509841919,0.0
0.0038759708404541016,0.0
0.012008190155029297,0.0
0.00037676095962524414,0.0
0.004251301288604736,0.0
0.007541239261627197,0.0
0.0114518404006958,0.0
0.0097886323928833,0.0
0.004759669303894043,0.0
0.0007824897766113281,0.0
0.0108872652053833,0.0
0.005078017711639404,0.0
0.008086860179901123,0.0
0.0009042024612426758,0.0
0.008812904357910156,0.0
0.0014519691467285156,0.0
0.002171039581298828,0.0
0.003641843795776367,0.0
0.0021452903747558594,0.0
0.00653076171875,0.0
0.0014519691467285156,0.0
0.0033777952194213867,0.0
0.0034046173095703125,0.0
0.009374499320983887,0.0
0.0041266679763793945,0.0
0.004020810127258301,0.0
0.008931756019592285,0.0
0.0022126436233520508,0.0
0.014934241771697998,0.0
0.00020498037338256836,0.0
0.01704394817352295,0.0
0.023550987243652344,0.0
0.012941956520080566,0.0
0.006021976470947266,0.0
0.0014519691467285156,0.0
0.03976893424987793,0.0
0.002454400062561035,0.0
0.011341989040374756,0.0
0.0012428462505340576,0.0
0.008695423603057861,0.0
0.0005309581756591797,0.0
0.004960060119628906,0.0
0.0014519691467285156,0.0
0.011793136596679688,0.0
0.009795665740966797,0.0
0.009949207305908203,0.0
0.011180877685546875,0.0
0.006169021129608154,0.0
0.014247894287109375,0.0
0.01126110553741455,0.0
0.01877415180206299,0.0
0.0013929009437561035,0.0
0.0015192031860351562,0.0
0.003861665725708008,0.0
0.011180877685546875,0.0
0.003105640411376953,0.0
0.0037300586700439453,0.0
0.008358478546142578,0.0
0.010244190692901611,0.0
0.0016884803771972656,0.0
0.0292586088180542,0.0
0.018584251403808594,0.0
0.011664628982543945,0.0
0.011180877685546875,0.0
0.0019360184669494629,0.0
0.008138656616210938,0.0
0.004662752151489258,0.0
0.013508737087249756,0.0
0.003725886344909668,0.0
0.0148240327835083,0.0
0.0010053515434265137,0.0
0.007899284362792969,0.0
0.010618448257446289,0.0
0.0014519691467285156,0.0
0.0010311007499694824,0.0
0.0014519691467285156,0.0
0.002061605453491211,0.0
0.0002612471580505371,0.0
0.06455564498901367,0.0
0.03957557678222656,0.0
0.014227151870727539,0.0
0.022150278091430664,0.0
0.009830057621002197,0.0
0.01878952980041504,0.0
0.020581722259521484,0.0
0.0036327242851257324,0.0
0.0027251243591308594,0.0
0.006995022296905518,0.0
0.0036954879760742188,0.0
0.0015622377395629883,0.0
0.0014519691467285156,0.0
0.06560862064361572,0.0
0.00811755657196045,0.0
0.013415098190307617,0.0
0.0014519691467285156,0.0
0.014504432678222656,0.0
0.008538007736206055,0.0
0.009539008140563965,0.0
0.0011228621006011963,0.0
0.002620995044708252,0.0
0.005539417266845703,0.0
0.0040225982666015625,0.0
0.006106436252593994,0.0
0.01573389768600464,0.0
0.05357438325881958,0.0
0.005694150924682617,0.0
0.013761758804321289,0.0
0.007433772087097168,0.0
0.00877392292022705,0.0
0.002429068088531494,0.0
0.005037128925323486,0.0
0.00016617774963378906,0.0
0.004168272018432617,0.0
0.007236480712890625,0.0
0.0062885284423828125,0.0
0.012365102767944336,0.0
0.009694039821624756,0.0
0.014680981636047363,0.0
0.0014519691467285156,0.0
0.07289659976959229,0.0
0.009766340255737305,0.0
0.021881848573684692,0.0
0.003404855728149414,0.0
0.013428986072540283,0.0
0.004673659801483154,0.0
0.01136636734008789,0.0
0.009091615676879883,0.0
0.0004317164421081543,0.0
0.007467091083526611,0.0
0.008866488933563232,0.0
0.006591677665710449,0.0
0.01634657382965088,0.0
0.008311927318572998,0.0
0.005860745906829834,0.0
0.004661440849304199,0.0
0.009675920009613037,0.0
0.0282059907913208,0.0
0.035600900650024414,0.0
0.003137528896331787,0.0
0.0014265775680541992,0.0
0.0035826265811920166,0.0
0.0034676790237426758,0.0
0.009302735328674316,0.0
0.00023257732391357422,0.0
0.0024120211601257324,0.0
0.0007213950157165527,0.0
0.002470731735229492,0.0
0.01387035846710205,0.0
0.017645597457885742,0.0
0.005357265472412109,0.0
0.1150408387184143,0.0
0.0005788803100585938,0.0
0.005004525184631348,0.0
0.10739743709564209,0.0
0.00033098459243774414,0.0
0.0004482269287109375,0.0
0.0001399517059326172,0.0
0.0034418106079101562,0.0
0.0010960102081298828,0.0
0.005335450172424316,0.0
0.007012367248535156,0.0
0.007017374038696289,0.0
0.0022071003913879395,0.0
0.020096302032470703,0.0
0.01643383502960205,0.0
0.009940803050994873,0.0
9.357929229736328e-06,0.0
0.003344297409057617,0.0
0.00034040212631225586,0.0
0.08985447883605957,0.0
0.008782505989074707,0.0
0.0019060373306274414,0.0
0.0025118589401245117,0.0
0.006060659885406494,0.0
0.008756816387176514,0.0
0.0014519691467285156,0.0
0.016917705535888672,0.0
0.017586946487426758,0.0
0.02099466323852539,0.0
0.009199261665344238,0.0
0.014751732349395752,0.0
0.013458549976348877,0.0
0.011069059371948242,0.0
0.011257290840148926,0.0
0.011180877685546875,0.0
0.02084362506866455,0.0
0.01824474334716797,0.0
0.006920814514160156,0.0
0.01032400131225586,0.0
0.0029590725898742676,0.0
0.013278007507324219,0.0
0.008540451526641846,0.0
0.00716710090637207,0.0
0.013776659965515137,0.0
0.012885332107543945,0.0
0.012553215026855469,0.0
0.0010694563388824463,0.0
0.0014519691467285156,0.0
0.011588573455810547,0.0
0.013694584369659424,0.0
0.005093574523925781,0.0
0.0061750710010528564,0.0
0.007977813482284546,0.0
0.004286587238311768,0.0
0.0019457340240478516,0.0
0.009074270725250244,0.0
0.008015871047973633,0.0
0.004325389862060547,0.0
0.0014519691467285156,0.0
0.0024705827236175537,0.0
0.0014519691467285156,0.0
0.002749800682067871,0.0
0.0014519691467285156,0.0
0.005116164684295654,0.0
0.010535717010498047,0.0
0.004610657691955566,0.0
0.0015166997909545898,0.0
0.005380570888519287,0.0
0.0017994046211242676,0.0
0.003570079803466797,0.0
0.00953054428100586,0.0
0.0014007091522216797,0.0
0.0009393692016601562,0.0
0.0014519691467285156,0.0
0.000633537769317627,0.0
0.006368875503540039,0.0
0.009284138679504395,0.0
0.015550076961517334,0.0
0.011180877685546875,0.0
0.06837964057922363,0.0
0.016134262084960938,0.0
0.008955955505371094,0.0
0.005174994468688965,0.0
0.009334683418273926,0.0
0.009516716003417969,0.0
0.02039623260498047,0.0
0.000118255615234375,0.0
0.0031653642654418945,0.0
0.0050244927406311035,0.0
0.011180877685546875,0.0
0.0009058713912963867,0.0
0.004807472229003906,0.0
0.0009776949882507324,0.0
0.006953001022338867,0.0
0.00459212064743042,0.0
0.0022702813148498535,0.0
0.0015977025032043457,0.0
0.003806591033935547,0.0
0.004584252834320068,0.0
0.002466827630996704,0.0
0.0014519691467285156,0.0
0.0029125213623046875,0.0
6.866455078125e-05,0.0
0.0106428861618042,0.0
0.0032715797424316406,0.0
0.009706377983093262,0.0
0.016932249069213867,0.0
0.009360551834106445,0.0
0.0006375908851623535,0.0
0.0009830594062805176,0.0
0.009048938751220703,0.0
0.022597968578338623,0.0
0.008720874786376953,0.0
0.0330430269241333,0.0
0.04563546180725098,0.0
0.008973181247711182,0.0
0.0150834321975708,0.0
0.007715404033660889,0.0
0.010926246643066406,0.0
0.012748241424560547,0.0
0.016809821128845215,0.0
0.006494343280792236,0.0
0.0071563720703125,0.0
0.0001087188720703125,0.0
0.0228806734085083,0.0
0.022721290588378906,0.0
0.007216066122055054,0.0
0.005931854248046875,0.0
0.02481985092163086,0.0
0.019662141799926758,0.0
0.005697488784790039,0.0
0.0019462108612060547,0.0
0.006973385810852051,0.0
0.0022678375244140625,0.0
0.006618022918701172,0.0
0.008525431156158447,0.0
0.02262413501739502,0.0
0.020903348922729492,0.0
0.017695307731628418,0.0
0.011180877685546875,0.0
0.018260478973388672,0.0
0.02678513526916504,0.0
0.0023598670959472656,0.0
0.003116607666015625,0.0
0.0006480216979980469,0.0
0.0014473795890808105,0.0
0.0005626678466796875,0.0
0.004232585430145264,0.0
0.0054628849029541016,0.0
0.005719184875488281,0.0
0.0014519691467285156,0.0
0.009006023406982422,0.0
0.009471893310546875,0.0
0.005088329315185547,0.0
0.01777970790863037,0.0
0.012494683265686035,0.0
0.0009287595748901367,0.0
0.002825498580932617,0.0
0.004422783851623535,0.0
0.0021581053733825684,0.0
0.006137728691101074,0.0
0.0023832619190216064,0.0
0.005360126495361328,0.0
0.008296012878417969,0.0
0.007153868675231934,0.0
0.007939338684082031,0.0
0.005006253719329834,0.0
0.00939929485321045,0.0
0.0068874359130859375,0.0
0.00807809829711914,0.0
0.013880610466003418,0.0
0.0006744861602783203,0.0
0.007785320281982422,0.0
0.0007246732711791992,0.0
0.006668567657470703,0.0
0.014967203140258789,0.0
0.0011244416236877441,0.0
0.0012674331665039062,0.0
0.016177237033843994,0.0
0.0135422945022583,0.0
0.006497055292129517,0.0
0.003331422805786133,0.0
0.007724106311798096,0.0
0.005479753017425537,0.0
0.008421659469604492,0.0
0.008994221687316895,0.0
0.013271450996398926,0.0
0.012973487377166748,0.0
0.0009517669677734375,0.0
0.013793766498565674,0.0
0.004178047180175781,0.0
0.002189159393310547,0.0
0.008348345756530762,0.0
0.0025391578674316406,0.0
0.005026340484619141,0.0
0.04648172855377197,0.0
0.0021888017654418945,0.0
0.040585875511169434,0.0
0.011540412902832031,0.0
0.003984928131103516,0.0
0.004405081272125244,0.0
0.006348848342895508,0.0
0.025987863540649414,0.0
0.0276564359664917,0.0
0.017205238342285156,0.0
0.013697504997253418,0.0
0.0163499116897583,0.0
0.009660065174102783,0.0
0.008983194828033447,0.0
0.005916178226470947,0.0
0.01119011640548706,0.0
0.001407325267791748,0.0
0.0011458396911621094,0.0
0.019066333770751953,0.0
0.006524384021759033,0.0
0.002512693405151367,0.0
0.0030241012573242188,0.0
0.005830049514770508,0.0
0.011442899703979492,0.0
0.011463582515716553,0.0
0.0009005069732666016,0.0
0.00048542022705078125,0.0
0.0011737346649169922,0.0
0.006515622138977051,0.0
0.005941510200500488,0.0
0.01863384246826172,0.0
0.04639172554016113,0.0
0.09164273738861084,0.0
0.04871416091918945,0.0
0.02586650848388672,0.0
0.005679190158843994,0.0
0.0030118227005004883,0.0
0.03577756881713867,0.0
0.01740574836730957,0.0
0.0065555572509765625,0.0
0.00185394287109375,0.0
0.005438029766082764,0.0
0.0027408599853515625,0.0
0.00039649009704589844,0.0
0.009811878204345703,0.0
0.007843971252441406,0.0
0.001476287841796875,0.0
0.07709312438964844,0.0
0.010792076587677002,0.0
0.011318206787109375,0.0
0.01757991313934326,0.0
0.029662251472473145,0.0
0.0046256184577941895,0.0
0.009539633989334106,0.0
0.1197252869606018,0.0
0.03942394256591797,0.0
0.047162413597106934,0.0
0.025772571563720703,0.0
0.0010137557983398438,0.0
0.013876527547836304,0.0
0.002887129783630371,0.0
0.03512454032897949,0.0
0.06560158729553223,0.0
0.01002281904220581,0.0
0.002739429473876953,0.0
0.006014883518218994,0.0
0.0040721893310546875,0.0
0.0014519691467285156,0.0
0.00298309326171875,0.0
0.005294501781463623,0.0
0.015603780746459961,0.0
0.027873873710632324,0.0
0.032810091972351074,0.0
0.0255051851272583,0.0
0.028035759925842285,0.0
0.0014519691467285156,0.0
0.006288707256317139,0.0
0.0011579394340515137,0.0
0.006315469741821289,0.0
0.008847475051879883,0.0
0.049565017223358154,0.0
0.0041024088859558105,0.0
0.01573389768600464,0.0
0.05134475231170654,0.0
0.06221657991409302,0.0
0.01962423324584961,0.0
0.007044553756713867,0.0
0.02809000015258789,0.0
0.03157627582550049,0.0
0.02352762222290039,0.0
0.010981559753417969,0.0
0.014964163303375244,0.0
0.004560708999633789,0.0
0.005293071269989014,0.0
0.0051062703132629395,0.0
0.01516103744506836,0.0
0.025540947914123535,0.0
0.02122354507446289,0.0
0.007525444030761719,0.0
0.01087939739227295,0.0
0.023796826601028442,0.0
0.004928112030029297,0.0
0.013257622718811035,0.0
0.04741561412811279,0.0
0.03949165344238281,0.0
0.006192445755004883,0.0
0.027385592460632324,0.0
0.02759838104248047,0.0
0.01632791757583618,0.0
0.002927154302597046,0.0
0.0107499361038208,0.0
0.006549179553985596,0.0
0.006974220275878906,0.0
0.01891624927520752,0.0
0.010499835014343262,0.0
0.018007636070251465,0.0
0.004338264465332031,0.0
0.004967480897903442,0.0
0.042995572090148926,0.0
0.0014519691467285156,0.0
0.0161283016204834,0.0
0.011767268180847168,0.0
0.031446099281311035,0.0
0.03390049934387207,0.0
0.037680625915527344,0.0
0.016047239303588867,0.0
0.0037109851837158203,0.0
0.0004184246063232422,0.0
0.05894660949707031,0.0
0.004676342010498047,0.0
0.006587028503417969,0.0
0.013516783714294434,0.0
0.003856360912322998,0.0
0.03088521957397461,0.0
0.01754581928253174,0.0
0.011596202850341797,0.0
0.004391670227050781,0.0
0.0006502270698547363,0.0
0.010577559471130371,0.0
0.0034852921962738037,0.0
0.011885762214660645,0.0
0.010941505432128906,0.0
0.0035017728805541992,0.0
3.9458274841308594e-05,0.0
0.011061787605285645,0.0
0.021833181381225586,0.0
0.0017148852348327637,0.0
0.000972747802734375,0.0
0.0030707120895385742,0.0
0.0006211996078491211,0.0
0.0014519691467285156,0.0
0.002249479293823242,0.0
0.0021572113037109375,0.0
0.01573389768600464,0.0
0.007699728012084961,0.0
0.0065209269523620605,0.0
0.006315946578979492,0.0
0.0139082670211792,0.0
0.0063076019287109375,0.0
0.006327927112579346,0.0
0.015455245971679688,0.0
0.006408572196960449,0.0
0.014087557792663574,0.0
0.014393925666809082,0.0
0.09456425905227661,0.0
0.0063359737396240234,0.0
0.0530543327331543,0.0
0.015384018421173096,0.0
0.014001965522766113,0.0
0.0005952119827270508,0.0
0.013953328132629395,0.0
0.02259838581085205,0.0
0.022168874740600586,0.0
0.02191746234893799,0.0
9.202957153320312e-05,0.0
0.0019931793212890625,0.0
0.009717345237731934,0.0
0.00020873546600341797,0.0
0.02123159170150757,0.0
0.0014519691467285156,0.0
0.014804363250732422,0.0
0.0005348324775695801,0.0
0.0016203522682189941,0.0
0.027757108211517334,0.0
0.02081882953643799,0.0
0.0098952054977417,0.0
0.006928861141204834,0.0
0.010401785373687744,0.0
0.016476571559906006,0.0
0.017047882080078125,0.0
0.009346723556518555,0.0
0.015362977981567383,0.0
0.02222287654876709,0.0
0.02290952205657959,0.0
0.009752273559570312,0.0
0.004647374153137207,0.0
0.0033634305000305176,0.0
0.012360990047454834,0.0
0.00214308500289917,0.0
0.009698301553726196,0.0
0.0034410953521728516,0.0
6.35385513305664e-05,0.0
0.005556821823120117,0.0
0.011568665504455566,0.0
0.0036193132400512695,0.0
0.024846792221069336,0.0
0.017211198806762695,0.0
0.004853487014770508,0.0
0.004790067672729492,0.0
0.013723492622375488,0.0
0.01681351661682129,0.0
0.006593137979507446,0.0
0.013921976089477539,0.0
0.01029825210571289,0.0
0.016506075859069824,0.0
0.028434276580810547,0.0
0.014385879039764404,0.0
0.0012388229370117188,0.0
0.05181765556335449,0.0
0.0018845796585083008,0.0
0.008761405944824219,0.0
0.00011664628982543945,0.0
0.006393909454345703,0.0
0.0657309889793396,0.0
0.08760833740234375,0.0
0.06197226047515869,0.0
0.013429522514343262,0.0
0.006154298782348633,0.0
0.011998534202575684,0.0
0.0022301673889160156,0.0
0.005562782287597656,0.0
0.005305349826812744,0.0
0.006741225719451904,0.0
0.00980997085571289,0.0
0.030396252870559692,0.0
0.01950252056121826,0.0
0.014160871505737305,0.0
0.019156217575073242,0.0
0.018605470657348633,0.0
0.027804851531982422,0.0
0.027871131896972656,0.0
0.03250861167907715,0.0
0.02338993549346924,0.0
0.0120161771774292,0.0
0.030612468719482422,0.0
0.022522687911987305,0.0
0.014684796333312988,0.0
0.004960060119628906,0.0
0.005739569664001465,0.0
0.003639698028564453,0.0
0.003969013690948486,0.0
0.004507541656494141,0.0
0.0026975274085998535,0.0
0.012446820735931396,0.0
0.009021103382110596,0.0
0.04254031181335449,0.0
0.0021209716796875,0.0
0.008372664451599121,0.0
0.001791536808013916,0.0
0.005156457424163818,0.0
0.00422978401184082,0.0
0.005694746971130371,0.0
0.022166132926940918,0.0
0.020828962326049805,0.0
0.019772469997406006,0.0
0.017144441604614258,0.0
0.03394746780395508,0.0
0.05860400199890137,0.0
0.023018836975097656,0.0
0.01081705093383789,0.0
0.002433478832244873,0.0
0.0008598566055297852,0.0
0.0036211013793945312,0.0
0.005905896425247192,0.0
0.004886031150817871,0.0
0.0008965730667114258,0.0
0.004594683647155762,0.0
0.0065416693687438965,0.0
0.009988903999328613,0.0
0.002984344959259033,0.0
0.0002455711364746094,0.0
0.003275275230407715,0.0
0.00160294771194458,0.0
0.06747579574584961,0.0
0.02897357940673828,0.0
0.02859485149383545,0.0
0.010953903198242188,0.0
0.006263256072998047,0.0
0.007050275802612305,0.0
0.02127319574356079,0.0
0.011672794818878174,0.0
0.036621809005737305,0.0
0.021157503128051758,0.0
0.06410086154937744,0.0
0.007736563682556152,0.0
0.0008687973022460938,0.0
0.0107499361038208,0.0
0.0079878568649292,0.0
0.004225432872772217,0.0
0.00037288665771484375,0.0
0.015180349349975586,0.0
0.021128535270690918,0.0
0.002053558826446533,0.0
0.00608062744140625,0.0
0.043135762214660645,0.0
0.0031495988368988037,0.0
0.017847418785095215,0.0
0.009729325771331787,0.0
0.021754026412963867,0.0
0.038533568382263184,0.0
0.040022850036621094,0.0
0.03077232837677002,0.0
0.025472283363342285,0.0
0.008185505867004395,0.0
0.013627767562866211,0.0
0.004817843437194824,0.0
0.004870742559432983,0.0
0.042044639587402344,0.0
0.08518528938293457,0.0
0.005377978086471558,0.0
0.007131218910217285,0.0
0.009873747825622559,0.0
0.009138107299804688,0.0
0.016487598419189453,0.0
0.006372213363647461,0.0
0.09778439998626709,0.0
0.060425639152526855,0.0
0.00794142484664917,0.0
0.007149696350097656,0.0
0.017394661903381348,0.0
0.021756112575531006,0.0
0.0025284886360168457,0.0
0.002170562744140625,0.0
0.01083385944366455,0.0
0.007239103317260742,0.0
0.0040056705474853516,0.0
0.012357890605926514,0.0
0.048062026500701904,0.0
0.0418546199798584,0.0
0.07925224304199219,0.0
0.009555190801620483,0.0
0.0003788471221923828,0.0
0.012857794761657715,0.0
0.012627840042114258,0.0
0.005996823310852051,0.0
0.009564101696014404,0.0
0.00046437978744506836,0.0
0.0038899779319763184,0.0
0.011408329010009766,0.0
0.011442065238952637,0.0
0.011754274368286133,0.0
0.01667606830596924,0.0
0.0172421932220459,0.0
0.03575122356414795,0.0
0.030665278434753418,0.0
0.01447594165802002,0.0
0.0028944015502929688,0.0
0.0016970038414001465,0.0
0.006014585494995117,0.0
0.0035924315452575684,0.0
0.005603194236755371,0.0
0.006654918193817139,0.0
0.00825810432434082,0.0
0.0016865730285644531,0.0
0.0025339126586914062,0.0
0.006658375263214111,0.0
0.018125295639038086,0.0
0.011192023754119873,0.0
0.004896640777587891,0.0
0.009760141372680664,0.0
0.022500276565551758,0.0
0.019091367721557617,0.0
0.0027205944061279297,0.0
6.961822509765625e-05,0.0
0.0018224716186523438,0.0
0.015227079391479492,0.0
0.0016082525253295898,0.0
0.002388477325439453,0.0
0.0500255823135376,0.0
0.07859170436859131,0.0
0.03635239601135254,0.0
0.0153159499168396,0.0
0.0008925199508666992,0.0
0.05457097291946411,0.0
0.025190353393554688,0.0
0.01659214496612549,0.0
0.0031453371047973633,0.0
0.013367176055908203,0.0
0.003016829490661621,0.0
0.051825106143951416,0.0
0.0001392364501953125,0.0
0.032173752784729004,0.0
0.014247000217437744,0.0
0.013518810272216797,0.0
0.026819944381713867,0.0
0.033490538597106934,0.0
0.020455598831176758,0.0
0.0025423169136047363,0.0
0.010054171085357666,0.0
0.00019693374633789062,0.0
0.0009427070617675781,0.0
0.00016319751739501953,0.0
0.004218101501464844,0.0
0.006400942802429199,0.0
0.01657700538635254,0.0
0.028680264949798584,0.0
0.014794588088989258,0.0
0.052960872650146484,0.0
0.027506232261657715,0.0
0.11950469017028809,0.0
0.0027976036071777344,0.0
0.013911724090576172,0.0
0.029851794242858887,0.0
0.016413450241088867,0.0
0.025551319122314453,0.0
0.01614558696746826,0.0
0.021500349044799805,0.0
0.022726058959960938,0.0
0.009501755237579346,0.0
0.005166769027709961,0.0
0.004690647125244141,0.0
0.00087738037109375,0.0
0.0029615163803100586,0.0
0.006616115570068359,0.0
0.009102582931518555,0.0
0.018898963928222656,0.0
0.006556272506713867,0.0
0.00012958049774169922,0.0
0.007651805877685547,0.0
0.002354264259338379,0.0
0.005633890628814697,0.0
0.00016498565673828125,0.0
0.00269925594329834,0.0
0.052033424377441406,0.0
0.02109813690185547,0.0
0.024416327476501465,0.0
0.009081244468688965,0.0
0.0035877227783203125,0.0
0.00963813066482544,0.0
0.01616072654724121,0.0
0.007984280586242676,0.0
0.008326530456542969,0.0
0.0031279325485229492,0.0
0.0042452216148376465,0.0
0.0012593269348144531,0.0
0.0018720626831054688,0.0
0.006771713495254517,0.0
0.0010432004928588867,0.0
0.0017316341400146484,0.0
0.0020346641540527344,0.0
0.010667085647583008,0.0
0.005857288837432861,0.0
0.004559516906738281,0.0
0.00318145751953125,0.0
0.0008168220520019531,0.0
0.014161288738250732,0.0
0.0023421049118041992,0.0
0.0077506303787231445,0.0
0.008683502674102783,0.0
0.02394115924835205,0.0
0.0165250301361084,0.0
0.007596790790557861,0.0
0.001913309097290039,0.0
0.0015966296195983887,0.0
0.015245914459228516,0.0
0.004366636276245117,0.0
0.003626704216003418,0.0
0.010580062866210938,0.0
0.018093347549438477,0.0
0.021266460418701172,0.0
0.03558468818664551,0.0
0.07898950576782227,0.0
0.009002208709716797,0.0
0.005736052989959717,0.0
0.008675813674926758,0.0
0.07553672790527344,0.0
0.0022706985473632812,0.0
0.00911569595336914,0.0
0.014708757400512695,0.0
0.02716052532196045,0.0
0.008003711700439453,0.0
0.00015991926193237305,0.0
0.0028522610664367676,0.0
0.024463176727294922,0.0
0.01114952564239502,0.0
0.0128709077835083,0.0
0.0052869319915771484,0.0
0.011826813220977783,0.0
0.002556324005126953,0.0
0.014985799789428711,0.0
0.005700886249542236,0.0
0.011981964111328125,0.0
0.007454395294189453,0.0
0.01991891860961914,0.0
0.0003371238708496094,0.0
0.0026502609252929688,0.0
0.013545095920562744,0.0
0.009938210248947144,0.0
0.0016490817070007324,0.0
0.009165525436401367,0.0
0.007069110870361328,0.0
0.005990445613861084,0.0
0.004224061965942383,0.0
0.0013390779495239258,0.0
0.006236433982849121,0.0
0.014277219772338867,0.0
0.008120417594909668,0.0
0.0023824572563171387,0.0
0.0041255950927734375,0.0
0.003553032875061035,0.0
0.006645083427429199,0.0
0.005522012710571289,0.0
0.00757598876953125,0.0
0.010248780250549316,0.0
0.013744235038757324,0.0
0.0219724178314209,0.0
0.024411916732788086,0.0
0.005709946155548096,0.0
0.011101245880126953,0.0
0.004378557205200195,0.0
0.017081499099731445,0.0
0.008650362491607666,0.0
0.0038357973098754883,0.0
0.011641323566436768,0.0
0.006620526313781738,0.0
0.013550758361816406,0.0
0.003663361072540283,0.0
0.0008053779602050781,0.0
0.007165074348449707,0.0
0.01354968547821045,0.0
0.006106138229370117,0.0
0.0023343563079833984,0.0
0.009808242321014404,0.0
0.019867420196533203,0.0
0.06105756759643555,0.0
0.011670082807540894,0.0
0.006723225116729736,0.0
0.017863750457763672,0.0
0.014758586883544922,0.0
0.006322145462036133,0.0
0.005538642406463623,0.0
0.005261361598968506,0.0
0.0005326271057128906,0.0
0.012793362140655518,0.0
0.0017870664596557617,0.0
0.011595547199249268,0.0
0.007753133773803711,0.0
0.0074825286865234375,0.0
0.08539128303527832,0.0
0.0035414695739746094,0.0
0.006800651550292969,0.0
0.007627665996551514,0.0
0.0019140243530273438,0.0
0.0010477304458618164,0.0
0.0005655288696289062,0.0
0.018735647201538086,0.0
0.010882377624511719,0.0
0.000622093677520752,0.0
0.011155128479003906,0.0
0.009537696838378906,0.0
0.006408810615539551,0.0
0.0042269229888916016,0.0
0.007933378219604492,0.0
0.012696266174316406,0.0
0.009728431701660156,0.0
0.004077911376953125,0.0
0.002943277359008789,0.0
0.005870163440704346,0.0
0.0008635520935058594,0.0
0.06705337762832642,0.0
0.005432248115539551,0.0
0.009714841842651367,0.0
0.007512450218200684,0.0
0.006294369697570801,0.0
0.002088189125061035,0.0
0.0060707926750183105,0.0
0.00020569562911987305,0.0
0.012274026870727539,0.0
0.010074496269226074,0.0
0.013278007507324219,0.0
0.004042625427246094,0.0
0.0141066312789917,0.0
0.011221647262573242,0.0
0.028704524040222168,0.0
0.004792213439941406,0.0
0.013161659240722656,0.0
0.005488455295562744,0.0
0.004447638988494873,0.0
0.007328927516937256,0.0
0.008855640888214111,0.0
0.015173137187957764,0.0
0.0012856721878051758,0.0
0.0038739442825317383,0.0
0.0012086033821105957,0.0
0.009178638458251953,0.0
0.003312826156616211,0.0
0.0003337860107421875,0.0
0.012382030487060547,0.0
0.01888859272003174,0.0
0.007795453071594238,0.0
0.006470680236816406,0.0
0.004472494125366211,0.0
0.006547212600708008,0.0
0.002645552158355713,0.0
0.0031843185424804688,0.0
0.010992646217346191,0.0
0.008235037326812744,0.0
0.007389485836029053,0.0
0.011439353227615356,0.0
0.004052877426147461,0.0
0.011385947465896606,0.0
0.003520071506500244,0.0
0.0029355883598327637,0.0
0.012616097927093506,0.0
0.007239103317260742,0.0
0.0022104382514953613,0.0
0.005531787872314453,0.0
0.010848045349121094,0.0
0.005224049091339111,0.0
0.004475593566894531,0.0
0.0697547197341919,0.0
0.0361781120300293,0.0
0.010157585144042969,0.0
0.018538951873779297,0.0
0.03266787528991699,0.0
0.07811510562896729,0.0
0.04667067527770996,0.0
0.012015819549560547,0.0
0.0346146821975708,0.0
0.030037641525268555,0.0
0.01373910903930664,0.0
0.00921410322189331,0.0
0.018184185028076172,0.0
0.011253833770751953,0.0
6.008148193359375e-05,0.0
0.00913161039352417,0.0
0.008683264255523682,0.0
0.011218428611755371,0.0
0.022812604904174805,0.0
0.029620647430419922,0.0
0.037369489669799805,0.0
0.01743870973587036,0.0
0.002529144287109375,0.0
0.013026893138885498,0.0
0.006263852119445801,0.0
0.002567291259765625,0.0
0.0004439353942871094,0.0
0.015259265899658203,0.0
0.005369663238525391,0.0
0.0037732720375061035,0.0
0.0007489919662475586,0.0
0.005240917205810547,0.0
0.001849055290222168,0.0
0.0016040802001953125,0.0
0.004824936389923096,0.0
0.003580808639526367,0.0
0.007477760314941406,0.0
0.0001952052116394043,0.0
0.011549711227416992,0.0
0.003244757652282715,0.0
0.008738577365875244,0.0
0.0005030632019042969,0.0
0.0014436841011047363,0.0
0.006103634834289551,0.0
0.0015873908996582031,0.0
0.017031073570251465,0.0
0.017189502716064453,0.0
0.019753694534301758,0.0
0.017515182495117188,0.0
0.006156206130981445,0.0
0.005159974098205566,0.0
0.011430561542510986,0.0
0.004566192626953125,0.0
0.00019043684005737305,0.0
0.004027128219604492,0.0
0.002476334571838379,0.0
0.0017848014831542969,0.0
0.003071725368499756,0.0
0.009638845920562744,0.0
0.005120694637298584,0.0
0.0142441987991333,0.0
0.007491588592529297,0.0
0.006475090980529785,0.0
0.0231553316116333,0.0
0.012553095817565918,0.0
0.005259990692138672,0.0
0.006857395172119141,0.0
0.010309219360351562,0.0
0.011860430240631104,0.0
0.004964351654052734,0.0
0.0032039880752563477,0.0
0.010969340801239014,0.0
0.013758420944213867,0.0
0.007262706756591797,0.0
0.03181767463684082,0.0
0.07427370548248291,0.0
0.0026574134826660156,0.0
0.004591226577758789,0.0
0.0012731552124023438,0.0
0.001838386058807373,0.0
0.008361101150512695,0.0
0.012996554374694824,0.0
0.014346122741699219,0.0
0.01700890064239502,0.0
0.023987293243408203,0.0
0.006186127662658691,0.0
0.006503462791442871,0.0
0.0010617971420288086,0.0
0.017958402633666992,0.0
0.018507003784179688,0.0
0.018362760543823242,0.0
0.013758957386016846,0.0
0.017008543014526367,0.0
0.003922939300537109,0.0
0.003344893455505371,0.0
0.0007916092872619629,0.0
0.0025513172149658203,0.0
0.002674996852874756,0.0
0.0011365413665771484,0.0
0.008510708808898926,0.0
0.004339784383773804,0.0
0.0016864538192749023,0.0
0.0007230639457702637,0.0
0.015865445137023926,0.0
0.01594078540802002,0.0
0.0057392120361328125,0.0
0.009409576654434204,0.0
0.004293084144592285,0.0
0.0033235251903533936,0.0
0.001248687505722046,0.0
0.006496429443359375,0.0
0.0026419758796691895,0.0
0.0010650157928466797,0.0
0.03209143877029419,0.0
0.0127946138381958,0.0
0.005854368209838867,0.0
0.0010135173797607422,0.0
0.0023344755172729492,0.0
0.007513225078582764,0.0
0.013964295387268066,0.0
0.0017439723014831543,0.0
0.017648160457611084,0.0
0.0014338493347167969,0.0
0.0043277740478515625,0.0
0.0017396211624145508,0.0
0.0014665722846984863,0.0
0.012859046459197998,0.0
0.007745087146759033,0.0
0.002507328987121582,0.0
0.005249142646789551,0.0
0.00011473894119262695,0.0
0.0012061595916748047,0.0
0.0014497041702270508,0.0
0.00540846586227417,0.0
0.0032591819763183594,0.0
0.0011538267135620117,0.0
0.009373605251312256,0.0
0.005237460136413574,0.0
0.007538974285125732,0.0
0.01520073413848877,0.0
0.009724557399749756,0.0
0.006454288959503174,0.0
0.013000726699829102,0.0
0.0007375180721282959,0.0
0.008683443069458008,0.0
0.006722450256347656,0.0
0.0010695457458496094,0.0
0.001939535140991211,0.0
0.004166901111602783,0.0
0.0067157745361328125,0.0
0.0017399787902832031,0.0
0.004489004611968994,0.0
0.0032435059547424316,0.0
0.008843183517456055,0.0
0.016931772232055664,0.0
0.010921597480773926,0.0
0.004597604274749756,0.0
0.0011854469776153564,0.0
0.011453390121459961,0.0
0.003466665744781494,0.0
0.004524350166320801,0.0
0.012566328048706055,0.0
0.033719658851623535,0.0
0.01998424530029297,0.0
0.0025480985641479492,0.0
0.004716813564300537,0.0
0.010313987731933594,0.0
0.0050907135009765625,0.0
0.010468661785125732,0.0
0.011254310607910156,0.0
0.013581514358520508,0.0
0.009051322937011719,0.0
0.001956641674041748,0.0
0.009213387966156006,0.0
0.0010125041007995605,0.0
0.004477113485336304,0.0
0.008602142333984375,0.0
0.00043773651123046875,0.0
0.0050782859325408936,0.0
0.009881377220153809,0.0
0.010905325412750244,0.0
0.010080575942993164,0.0
0.021607160568237305,0.0
0.0033555924892425537,0.0
0.0018630027770996094,0.0
0.00194549560546875,0.0
0.0009126663208007812,0.0
0.003488481044769287,0.0
0.001744598150253296,0.0
0.0014289617538452148,0.0
0.0062888264656066895,0.0
0.003219127655029297,0.0
0.009931087493896484,0.0
0.007581889629364014,0.0
0.010956108570098877,0.0
0.003606170415878296,0.0
0.001063019037246704,0.0
0.004391789436340332,0.0
0.00012183189392089844,0.0
0.006708025932312012,0.0
0.005216836929321289,0.0
0.014899492263793945,0.0
0.00019824504852294922,0.0
0.0018186569213867188,0.0
0.009934723377227783,0.0
0.0017251968383789062,0.0
0.002399444580078125,0.0
0.006481647491455078,0.0
0.006094038486480713,0.0
0.00933849811553955,0.0
0.005066394805908203,0.0
0.0009326934814453125,0.0
0.0011618733406066895,0.0
0.00041115283966064453,0.0
0.012505054473876953,0.0
0.00026994943618774414,0.0
0.011686980724334717,0.0
0.012022912502288818,0.0
0.002177000045776367,0.0
0.0071561336517333984,0.0
0.013337373733520508,0.0
0.0037393569946289062,0.0
4.1961669921875e-05,0.0
0.008514702320098877,0.0
0.0015770792961120605,0.0
0.013644218444824219,0.0
0.01967644691467285,0.0
0.028363704681396484,0.0
0.011552631855010986,0.0
0.001359701156616211,0.0
0.023587942123413086,0.0
0.014032244682312012,0.0
0.004232048988342285,0.0
0.007823288440704346,0.0
0.029765963554382324,0.0
0.006468534469604492,0.0
0.0049242377281188965,0.0
0.010092675685882568,0.0
0.001826643943786621,0.0
0.009878396987915039,0.0
0.017822980880737305,0.0
0.014085054397583008,0.0
0.0008414387702941895,0.0
0.0043801069259643555,0.0
0.015864133834838867,0.0
0.0012456774711608887,0.0
0.0034728050231933594,0.0
0.008929312229156494,0.0
0.0056123435497283936,0.0
0.0021594762802124023,0.0
0.008794307708740234,0.0
0.008105158805847168,0.0
0.0023207664489746094,0.0
0.0029859542846679688,0.0
0.007131814956665039,0.0
0.004112601280212402,0.0
0.00900876522064209,0.0
0.0185164213180542,0.0
0.00968027114868164,0.0
0.0005875825881958008,0.0
0.0010169148445129395,0.0
0.0009667277336120605,0.0
0.012851238250732422,0.0
0.004644632339477539,0.0
0.007821977138519287,0.0
0.005310177803039551,0.0
0.014977633953094482,0.0
0.0041765570640563965,0.0
0.004921078681945801,0.0
0.004657149314880371,0.0
0.007659614086151123,0.0
0.006333529949188232,0.0
0.0035402774810791016,0.0
0.00924062728881836,0.0
0.007302522659301758,0.0
0.005013227462768555,0.0
0.0065326690673828125,0.0
0.005650877952575684,0.0
0.0034244656562805176,0.0
0.008179962635040283,0.0
0.0281144380569458,0.0
0.027890920639038086,0.0
0.0020925402641296387,0.0
0.013656139373779297,0.0
0.00012499094009399414,0.0
0.00012826919555664062,0.0
0.0003666877746582031,0.0
0.006389498710632324,0.0
0.009027242660522461,0.0
0.00045424699783325195,0.0
0.0026400089263916016,0.0
0.005827724933624268,0.0
0.0017764568328857422,0.0
0.005338907241821289,0.0
0.007293820381164551,0.0
0.010752677917480469,0.0
0.04259568452835083,0.0
0.05673295259475708,0.0
0.03299665451049805,0.0
0.0015814900398254395,0.0
0.0004494190216064453,0.0
0.009828329086303711,0.0
0.010470271110534668,0.0
0.008060574531555176,0.0
0.006791472434997559,0.0
0.015112161636352539,0.0
0.0007508397102355957,0.0
0.0047376155853271484,0.0
0.004920840263366699,0.0
0.0006804466247558594,0.0
0.010361969470977783,0.0
0.0034666061401367188,0.0
0.0028936266899108887,0.0
0.03460121154785156,0.0
0.005263984203338623,0.0
0.003407001495361328,0.0
0.0056580305099487305,0.0
0.014247477054595947,0.0
0.007564663887023926,0.0
0.013808012008666992,0.0
0.01544409990310669,0.0
0.0050601959228515625,0.0
0.0008723735809326172,0.0
0.00037276744842529297,0.0
0.006780445575714111,0.0
0.013979315757751465,0.0
0.007155656814575195,0.0
0.0029198527336120605,0.0
0.010379672050476074,0.0
0.004388570785522461,0.0
0.0033896565437316895,0.0
0.0084456205368042,0.0
0.0019365549087524414,0.0
0.0016546249389648438,0.0
0.002085447311401367,0.0
2.849102020263672e-05,0.0
0.0032014846801757812,0.0
0.009607195854187012,0.0
0.006692707538604736,0.0
0.000808417797088623,0.0
0.004314899444580078,0.0
0.001121222972869873,0.0
0.007035970687866211,0.0
0.011858940124511719,0.0
0.007650792598724365,0.0
0.06183016300201416,0.0
0.040764570236206055,0.0
0.0004496574401855469,0.0
0.007712841033935547,0.0
0.0047168731689453125,0.0
0.005770444869995117,0.0
0.003906726837158203,0.0
0.0026389360427856445,0.0
0.0024290084838867188,0.0
0.0074988603591918945,0.0
0.004483461380004883,0.0
0.014214515686035156,0.0
0.009215593338012695,0.0
0.0016908049583435059,0.0
0.01442265510559082,0.0
0.006331145763397217,0.0
0.007189750671386719,0.0
0.014405488967895508,0.0
0.008288383483886719,0.0
0.0007840394973754883,0.0
0.0033416748046875,0.0
0.018590331077575684,0.0
0.010810375213623047,0.0
0.012077152729034424,0.0
0.005243897438049316,0.0
0.0080033540725708,0.0
0.005368232727050781,0.0
0.005523800849914551,0.0
0.0028934478759765625,0.0
0.004929542541503906,0.0
0.005639553070068359,0.0
0.004288971424102783,0.0
0.030910372734069824,0.0
0.023585200309753418,0.0
0.013978898525238037,0.0
0.002944469451904297,0.0
0.005953669548034668,0.0
0.0036698579788208008,0.0
0.005128204822540283,0.0
0.003998279571533203,0.0
0.00416254997253418,0.0
0.022080183029174805,0.0
0.014642000198364258,0.0
0.009362220764160156,0.0
0.0059223175048828125,0.0
0.0016325712203979492,0.0
0.0033384859561920166,0.0
0.0012758374214172363,0.0
0.0036502480506896973,0.0
0.011555612087249756,0.0
0.003138601779937744,0.0
0.0074822306632995605,0.0
0.004637658596038818,0.0
0.005152761936187744,0.0
0.010636121034622192,0.0
0.0015211701393127441,0.0
0.006889224052429199,0.0
0.0005321502685546875,0.0
0.0015506744384765625,0.0
0.0005137920379638672,0.0
0.0002598762512207031,0.0
0.0006812214851379395,0.0
0.003756195306777954,0.0
0.004709720611572266,0.0
0.009029090404510498,0.0
0.0019481182098388672,0.0
0.003927469253540039,0.0
0.022156953811645508,0.0
0.04104435443878174,0.0
0.014087080955505371,0.0
0.009888827800750732,0.0
0.002847909927368164,0.0
0.014779090881347656,0.0
0.0072141289710998535,0.0
0.00152510404586792,0.0
0.004873752593994141,0.0
0.0068967342376708984,0.0
0.009730696678161621,0.0
0.004896044731140137,0.0
0.0004731416702270508,0.0
0.0031233131885528564,0.0
0.01592719554901123,0.0
0.005704253911972046,0.0
0.003767728805541992,0.0
0.00311887264251709,0.0
0.08307015895843506,0.0
0.006356000900268555,0.0
0.0663442611694336,0.0
0.07100486755371094,0.0
0.012924671173095703,0.0
0.008895397186279297,0.0
0.01507556438446045,0.0
0.018288135528564453,0.0
0.016106367111206055,0.0
0.004004418849945068,0.0
0.004722714424133301,0.0
0.0021755099296569824,0.0
0.005885452032089233,0.0
0.008126974105834961,0.0
0.004145026206970215,0.0
0.0040389299392700195,0.0
0.011452436447143555,0.0
0.0244675874710083,0.0
0.008639097213745117,0.0
0.004362881183624268,0.0
0.0008388757705688477,0.0
0.0059607625007629395,0.0
0.003114640712738037,0.0
0.0007401704788208008,0.0
0.00445866584777832,0.0
0.01451730728149414,0.0
0.03153979778289795,0.0
0.0347287654876709,0.0
0.011725187301635742,0.0
0.0020720958709716797,0.0
0.001255035400390625,0.0
0.005653023719787598,0.0
0.0061190128326416016,0.0
0.022504687309265137,0.0
0.014080941677093506,0.0
0.005373835563659668,0.0
0.014801263809204102,0.0
0.005726277828216553,0.0
0.014195382595062256,0.0
0.009409904479980469,0.0
0.0036143064498901367,0.0
0.038964807987213135,0.0
0.002030789852142334,0.0
0.0027486085891723633,0.0
0.00069427490234375,0.0
0.0059719085693359375,0.0
0.002735137939453125,0.0
0.016853809356689453,0.0
0.023661017417907715,0.0
0.008131265640258789,0.0
0.0007230043411254883,0.0
0.0055970847606658936,0.0
0.0016478300094604492,0.0
0.000946044921875,0.0
0.004046201705932617,0.0
0.007617950439453125,0.0
0.0016384720802307129,0.0
0.006285488605499268,0.0
0.00685042142868042,0.0
0.0032477378845214844,0.0
0.010031819343566895,0.0
0.016497373580932617,0.0
0.01042795181274414,0.0
0.015322446823120117,0.0
0.006120622158050537,0.0
0.004551827907562256,0.0
0.0008515715599060059,0.0
0.007459163665771484,0.0
0.000587761402130127,0.0
0.015900135040283203,0.0
0.027456283569335938,0.0
0.013054847717285156,0.0
0.006010532379150391,0.0
0.0126609206199646,0.0
0.003786802291870117,0.0
0.0046644508838653564,0.0
0.004828929901123047,0.0
0.0116807222366333,0.0
0.004250049591064453,0.0
0.009908676147460938,0.0
0.0015546083450317383,0.0
0.012228190898895264,0.0
0.004601955413818359,0.0
0.01905989646911621,0.0
0.0008262395858764648,0.0
0.011345148086547852,0.0
0.0190279483795166,0.0
0.006894588470458984,0.0
0.01708012819290161,0.0
0.005460560321807861,0.0
0.004641175270080566,0.0
0.016610562801361084,0.0
0.0010116100311279297,0.0
0.013627290725708008,0.0
0.020188570022583008,0.0
0.00045692920684814453,0.0
0.0005735456943511963,0.0
0.009424090385437012,0.0
0.010232686996459961,0.0
8.881092071533203e-06,0.0
0.013812065124511719,0.0
0.013112038373947144,0.0
0.0025541186332702637,0.0
0.0007979869842529297,0.0
0.0036498308181762695,0.0
0.0021497011184692383,0.0
0.0007225275039672852,0.0
0.0033919215202331543,0.0
0.0029657483100891113,0.0
0.006714820861816406,0.0
0.008011579513549805,0.0
0.01581871509552002,0.0
0.007484138011932373,0.0
0.006478607654571533,0.0
0.006395459175109863,0.0
0.007137000560760498,0.0
0.011645376682281494,0.0
0.008258163928985596,0.0
0.02401876449584961,0.0
0.10441434383392334,0.0
0.0031810998916625977,0.0
0.006497710943222046,0.0
0.011965811252593994,0.0
0.016453087329864502,0.0
0.0036183595657348633,0.0
0.006632328033447266,0.0
0.0024541616439819336,0.0
0.006652474403381348,0.0
0.0026592612266540527,0.0
0.014252662658691406,0.0
0.006521940231323242,0.0
0.006910562515258789,0.0
0.010668516159057617,0.0
0.03441131114959717,0.0
0.009153246879577637,0.0
0.002833843231201172,0.0
0.006044268608093262,0.0
0.00939035415649414,0.0
0.020235300064086914,0.0
0.023312807083129883,0.0
0.012766599655151367,0.0
0.011740505695343018,0.0
0.0033414363861083984,0.0
0.011415481567382812,0.0
0.005995273590087891,0.0
0.014986634254455566,0.0
0.010631024837493896,0.0
0.008787930011749268,0.0
0.0012192726135253906,0.0
0.01132279634475708,0.0
0.0003355741500854492,0.0
0.0067369937896728516,0.0
0.008809685707092285,0.0
2.1576881408691406e-05,0.0
0.00263214111328125,0.0
0.006721615791320801,0.0
0.0025434792041778564,0.0
0.0002346038818359375,0.0
0.016260862350463867,0.0
0.006196320056915283,0.0
5.614757537841797e-05,0.0
0.002387523651123047,0.0
0.007471263408660889,0.0
0.003819108009338379,0.0
0.0010428428649902344,0.0
0.008997082710266113,0.0
0.0013950467109680176,0.0
0.00426793098449707,0.0
0.0010750293731689453,0.0
0.00843358039855957,0.0
0.01015019416809082,0.0
0.007078886032104492,0.0
0.003038167953491211,0.0
0.0001277923583984375,0.0
0.00044673681259155273,0.0
0.004194498062133789,0.0
0.004219174385070801,0.0
0.00760197639465332,0.0
0.004090547561645508,0.0
0.003648519515991211,0.0
0.010237306356430054,0.0
0.007026553153991699,0.0
0.007139682769775391,0.0
0.04987812042236328,0.0
0.015039205551147461,0.0
0.010435819625854492,0.0
0.01060265302658081,0.0
0.0009608268737792969,0.0
0.005643963813781738,0.0
0.0023584365844726562,0.0
0.0017725229263305664,0.0
0.008007168769836426,0.0
0.0028007030487060547,0.0
0.0040454864501953125,0.0
0.011286795139312744,0.0
0.002085089683532715,0.0
0.02088850736618042,0.0
0.06290209293365479,0.0
0.0004286766052246094,0.0
0.025544047355651855,0.0
0.023026585578918457,0.0
0.018193960189819336,0.0
0.024479389190673828,0.0
0.024729609489440918,0.0
0.0016233325004577637,0.0
8.475780487060547e-05,0.0
0.011881113052368164,0.0
0.018171072006225586,0.0
0.005894362926483154,0.0
0.0009718537330627441,0.0
0.0023106932640075684,0.0
0.0005797147750854492,0.0
0.011147022247314453,0.0
0.008738875389099121,0.0
0.0018099546432495117,0.0
0.007582187652587891,0.0
0.007500886917114258,0.0
0.015150189399719238,0.0
0.005511045455932617,0.0
0.010916948318481445,0.0
0.050971031188964844,0.0
0.0035630464553833008,0.0
0.007030904293060303,0.0
0.007961869239807129,0.0
0.016686439514160156,0.0
0.027082443237304688,0.0
2.276897430419922e-05,0.0
0.00036025047302246094,0.0
0.0074440836906433105,0.0
0.01306772232055664,0.0
0.0016355514526367188,0.0
0.011887073516845703,0.0
0.05431443452835083,0.0
0.04377937316894531,0.0
0.022456705570220947,0.0
0.004061698913574219,0.0
0.00587773323059082,0.0
0.03491199016571045,0.0
0.01284646987915039,0.0
0.008977174758911133,0.0
0.008703827857971191,0.0
0.004900932312011719,0.0
0.006953120231628418,0.0
0.025607943534851074,0.0
0.008031010627746582,0.0
0.0536002516746521,0.0
0.03731679916381836,0.0
0.012307167053222656,0.0
0.023540019989013672,0.0
0.017072319984436035,0.0
0.0033309459686279297,0.0
0.060617923736572266,0.0
0.04817855358123779,0.0
0.009736478328704834,0.0
0.008471488952636719,0.0
0.024343252182006836,0.0
0.027852654457092285,0.0
0.014440774917602539,0.0
0.003947019577026367,0.0
0.00788658857345581,0.0
0.013283252716064453,0.0
0.0026404857635498047,0.0
0.0069761574268341064,0.0
9.953975677490234e-05,0.0
0.0007570385932922363,0.0
0.026755809783935547,0.0
0.02930593490600586,0.0
0.005037248134613037,0.0
0.025023221969604492,0.0
0.019059181213378906,0.0
0.037145018577575684,0.0
0.045829057693481445,0.0
0.020378589630126953,0.0
0.004874706268310547,0.0
0.006949663162231445,0.0
0.003965556621551514,0.0
0.003898143768310547,0.0
0.0021684765815734863,0.0
0.0035598278045654297,0.0
0.002575397491455078,0.0
0.015799760818481445,0.0
0.04576188325881958,0.0
0.055875420570373535,0.0
0.053945302963256836,0.0
0.045214056968688965,0.0
0.011959552764892578,0.0
0.012328743934631348,0.0
0.02156245708465576,0.0
0.007921159267425537,0.0
0.016762256622314453,0.0
0.028692960739135742,0.0
0.0003571510314941406,0.0
0.016239821910858154,0.0
0.020055413246154785,0.0
0.025034308433532715,0.0
0.03282809257507324,0.0
0.018666744232177734,0.0
0.01685953140258789,0.0
0.016640186309814453,0.0
0.008485019207000732,0.0
0.0025178194046020508,0.0
0.006460368633270264,0.0
0.008391380310058594,0.0
0.002759218215942383,0.0
0.0013275146484375,0.0
0.0028547048568725586,0.0
0.001606285572052002,0.0
0.014725685119628906,0.0
0.023295879364013672,0.0
0.020014524459838867,0.0
0.0020499229431152344,0.0
0.0008320808410644531,0.0
0.013336658477783203,0.0
0.006105244159698486,0.0
0.0101698637008667,0.0
0.014556705951690674,0.0
0.01172780990600586,0.0
0.0006590187549591064,0.0
0.0006187260150909424,0.0
0.002962946891784668,0.0
0.011016011238098145,0.0
0.0032646656036376953,0.0
0.013924598693847656,0.0
0.020968317985534668,0.0
0.00552523136138916,0.0
0.008397042751312256,0.0
0.02593749761581421,0.0
0.0016614794731140137,0.0
0.012649059295654297,0.0
0.013924956321716309,0.0
0.0010039806365966797,0.0
0.005424976348876953,0.0
0.011821269989013672,0.0
0.020982682704925537,0.0
0.0018442273139953613,0.0
0.005572974681854248,0.0
0.014182090759277344,0.0
0.03133726119995117,0.0
0.021826863288879395,0.0
0.0015352368354797363,0.0
0.020276665687561035,0.0
0.007258772850036621,0.0
0.013276338577270508,0.0
0.012498855590820312,0.0
0.003233611583709717,0.0
0.00036007165908813477,0.0
0.004084348678588867,0.0
0.01843082904815674,0.0
0.005029022693634033,0.0
0.005211353302001953,0.0
0.005560398101806641,0.0
0.0033130645751953125,0.0
0.0061740875244140625,0.0
0.002254784107208252,0.0
0.0070314109325408936,0.0
0.0066342949867248535,0.0
0.0013260841369628906,0.0
0.0028314590454101562,0.0
0.009778261184692383,0.0
0.0013096332550048828,0.0
0.006530880928039551,0.0
0.0011372566223144531,0.0
0.0015225410461425781,0.0
0.0006783008575439453,0.0
0.0017711520195007324,0.0
0.004812121391296387,0.0
0.0011080503463745117,0.0
2.104043960571289e-05,0.0
0.001490473747253418,0.0
0.004364967346191406,0.0
0.015447854995727539,0.0
0.0002701282501220703,0.0
0.0018213987350463867,0.0
0.005517780780792236,0.0
0.0015007853507995605,0.0
0.00320512056350708,0.0
0.001629173755645752,0.0
0.005886375904083252,0.0
0.0028285980224609375,0.0
0.0032939910888671875,0.0
0.003956317901611328,0.0
0.0016870498657226562,0.0
0.007800400257110596,0.0
0.031106233596801758,0.0
0.0025815963745117188,0.0
0.012055695056915283,0.0
0.005272388458251953,0.0
0.0025427937507629395,0.0
0.0002681612968444824,0.0
0.005760014057159424,0.0
0.006346225738525391,0.0
0.004746615886688232,0.0
0.011134147644042969,0.0
0.002682626247406006,0.0
0.011640727519989014,0.0
0.0030900239944458008,0.0
0.0009952187538146973,0.0
0.0019621849060058594,0.0
0.007072567939758301,0.0
0.003131568431854248,0.0
0.002251148223876953,0.0
0.000591278076171875,0.0
0.003543376922607422,0.0
0.0011303424835205078,0.0
0.0011715888977050781,0.0
0.0071585774421691895,0.0
0.0016085505485534668,0.0
0.01624464988708496,0.0
0.0011751055717468262,0.0
0.009299993515014648,0.0
0.0038965344429016113,0.0
0.0023973584175109863,0.0
0.002706766128540039,0.0
0.02275705337524414,0.0
0.019921064376831055,0.0
0.01122140884399414,0.0
0.0018553733825683594,0.0
0.0006971657276153564,0.0
0.0034049153327941895,0.0
0.003058016300201416,0.0
0.0034241676330566406,0.0
0.005241751670837402,0.0
0.012367725372314453,0.0
0.009856998920440674,0.0
0.009303420782089233,0.0
0.0143049955368042,0.0
0.020849943161010742,0.0
0.012384176254272461,0.0
0.010707855224609375,0.0
0.008516490459442139,0.0
0.0026055574417114258,0.0
0.006777763366699219,0.0
0.0019168257713317871,0.0
0.034444332122802734,0.0
0.006493628025054932,0.0
0.0023964643478393555,0.0
0.012883186340332031,0.0
0.004400849342346191,0.0
0.006027579307556152,0.0
0.019745349884033203,0.0
0.02215033769607544,0.0
0.0054416656494140625,0.0
0.0020387768745422363,0.0
0.010003447532653809,0.0
0.0010018348693847656,0.0
0.002638518810272217,0.0
0.004247725009918213,0.0
0.0023578405380249023,0.0
0.0007319450378417969,0.0
0.004158377647399902,0.0
0.0030765533447265625,0.0
0.011442244052886963,0.0
0.0063277482986450195,0.0
0.0036554336547851562,0.0
0.008204460144042969,0.0
0.0025597810745239258,0.0
0.008485257625579834,0.0
0.0115889310836792,0.0
0.006540477275848389,0.0
0.004209041595458984,0.0
0.0003215670585632324,0.0
0.007557332515716553,0.0
0.004378795623779297,0.0
0.00018084049224853516,0.0
0.002469301223754883,0.0
0.0021483898162841797,0.0
0.0004328489303588867,0.0
0.004132509231567383,0.0
0.0021827220916748047,0.0
0.013092517852783203,0.0
0.008693695068359375,0.0
0.014494657516479492,0.0
0.007370948791503906,0.0
0.004164516925811768,0.0
0.0016489624977111816,0.0
0.008502662181854248,0.0
0.013285398483276367,0.0
0.007288336753845215,0.0
0.0017789602279663086,0.0
0.0018974542617797852,0.0
0.0011338591575622559,0.0
0.004661679267883301,0.0
0.01731884479522705,0.0
0.020517945289611816,0.0
0.01921069622039795,0.0
0.012147784233093262,0.0
0.008589744567871094,0.0
0.0052283406257629395,0.0
0.008497953414916992,0.0
0.002723395824432373,0.0
0.01858043670654297,0.0
0.005867123603820801,0.0
0.006586432456970215,0.0
0.0009350180625915527,0.0
0.002163529396057129,0.0
0.011275529861450195,0.0
0.00029587745666503906,0.0
0.001765131950378418,0.0
0.004118859767913818,0.0
0.00900256633758545,0.0
0.004255473613739014,0.0
0.004019558429718018,0.0
0.014656543731689453,0.0
0.01524960994720459,0.0
0.012208938598632812,0.0
0.001874297857284546,0.0
0.0035575032234191895,0.0
0.0016160011291503906,0.0
8.100271224975586e-05,0.0
0.0028990507125854492,0.0
0.0075171589851379395,0.0
0.007667839527130127,0.0
0.008510172367095947,0.0
0.0073996782302856445,0.0
0.017431020736694336,0.0
0.008241117000579834,0.0
0.004428863525390625,0.0
0.015687108039855957,0.0
0.0003096163272857666,0.0
0.0013856291770935059,0.0
0.0038078129291534424,0.0
0.0030823945999145508,0.0
0.009084880352020264,0.0
0.0005824565887451172,0.0
0.010499000549316406,0.0
0.005077064037322998,0.0
0.014349102973937988,0.0
0.014672279357910156,0.0
0.006483554840087891,0.0
0.0035474300384521484,0.0
0.0037682056427001953,0.0
0.004552364349365234,0.0
0.0072217583656311035,0.0
0.0541001558303833,0.0
0.01486825942993164,0.0
0.015876293182373047,0.0
0.0006669163703918457,0.0
0.006092071533203125,0.0
0.009097427129745483,0.0
0.012713193893432617,0.0
0.005301415920257568,0.0
0.005242139101028442,0.0
0.006112515926361084,0.0
0.006800651550292969,0.0
0.007920026779174805,0.0
0.0067258477210998535,0.0
0.0028001070022583008,0.0
0.005796253681182861,0.0
0.0033721923828125,0.0
0.0064754486083984375,0.0
0.006265163421630859,0.0
0.006750673055648804,0.0
0.02684319019317627,0.0
0.017496943473815918,0.0
0.001209259033203125,0.0
0.014800310134887695,0.0
0.006864786148071289,0.0
0.010178804397583008,0.0
0.004159688949584961,0.0
0.0023698806762695312,0.0
0.005821347236633301,0.0
0.0007611513137817383,0.0
0.0013823509216308594,0.0
0.011598348617553711,0.0
0.008528918027877808,0.0
0.001535177230834961,0.0
0.0007301568984985352,0.0
0.008176207542419434,0.0
0.005988955497741699,0.0
0.007763803005218506,0.0
0.006396591663360596,0.0
0.0021613240242004395,0.0
0.009073138236999512,0.0
0.009454905986785889,0.0
0.007357358932495117,0.0
0.0035959482192993164,0.0
0.0014070868492126465,0.0
0.004236698150634766,0.0
0.0002878904342651367,0.0
0.010334610939025879,0.0
0.004178643226623535,0.0
0.0006542205810546875,0.0
0.0003625154495239258,0.0
0.025473713874816895,0.0
0.007701873779296875,0.0
0.0033262968063354492,0.0
0.017629623413085938,0.0
0.00799781084060669,0.0
0.0018215179443359375,0.0
0.009405732154846191,0.0
0.0017881393432617188,0.0
0.007878899574279785,0.0
0.011156797409057617,0.0
0.0030622482299804688,0.0
0.01883232593536377,0.0
0.02756357192993164,0.0
0.0037224292755126953,0.0
0.005252242088317871,0.0
0.0013068914413452148,0.0
0.006719827651977539,0.0
0.004035830497741699,0.0
0.0046746134757995605,0.0
0.004789948463439941,0.0
0.008352160453796387,0.0
0.0036191940307617188,0.0
0.0024417638778686523,0.0
0.000507354736328125,0.0
0.0024644136428833008,0.0
0.008981883525848389,0.0
0.018157780170440674,0.0
0.003893911838531494,0.0
0.000543057918548584,0.0
0.00984567403793335,0.0
0.0020890235900878906,0.0
0.001743018627166748,0.0
0.010567665100097656,0.0
0.024592280387878418,0.0
0.011915326118469238,0.0
0.02098691463470459,0.0
0.004683256149291992,0.0
0.005805492401123047,0.0
0.002034127712249756,0.0
0.0035889744758605957,0.0
0.008512735366821289,0.0
0.011857032775878906,0.0
0.0035926103591918945,0.0
0.004978060722351074,0.0
0.002126932144165039,0.0
0.0023215413093566895,0.0
0.007078647613525391,0.0
0.00145643949508667,0.0
0.0040566325187683105,0.0
0.010027408599853516,0.0
0.01850748062133789,0.0
0.01274031400680542,0.0
0.009935200214385986,0.0
0.01748669147491455,0.0
0.00818777084350586,0.0
0.010047435760498047,0.0
0.010273873805999756,0.0
0.0022040605545043945,0.0
0.004628658294677734,0.0
0.00048607587814331055,0.0
0.002550482749938965,0.0
0.0010529756546020508,0.0
0.012048542499542236,0.0
0.019226789474487305,0.0
0.01517033576965332,0.0
0.0255051851272583,0.0
0.014176368713378906,0.0
0.005443572998046875,0.0
0.00129622220993042,0.0
0.003991305828094482,0.0
0.0019044876098632812,0.0
0.005384564399719238,0.0
0.004028797149658203,0.0
0.0008769035339355469,0.0
0.0004741549491882324,0.0
0.0070247650146484375,0.0
0.009542465209960938,0.0
0.0062233805656433105,0.0
0.0030958056449890137,0.0
7.402896881103516e-05,0.0
0.004160553216934204,0.0
0.00328904390335083,0.0
0.0007292032241821289,0.0
0.0012981891632080078,0.0
0.005731523036956787,0.0
0.004023909568786621,0.0
0.0023331642150878906,0.0
0.0018658041954040527,0.0
0.004557132720947266,0.0
0.0036762356758117676,0.0
0.0016689300537109375,0.0
0.0014635920524597168,0.0
0.005161285400390625,0.0
0.004280209541320801,0.0
0.001956462860107422,0.0
0.00024497509002685547,0.0
0.004628658294677734,0.0
0.0001843571662902832,0.0
0.0031585693359375,0.0
0.01114434003829956,0.0
0.01380014419555664,0.0
0.005099594593048096,0.0
0.0013746023178100586,0.0
0.02103424072265625,0.0
0.0027451515197753906,0.0
0.0094984769821167,0.0
0.011920452117919922,0.0
0.016880154609680176,0.0
0.022394895553588867,0.0
0.011958420276641846,0.0
0.0016372203826904297,0.0
0.011042952537536621,0.0
0.005869507789611816,0.0
0.0006483793258666992,0.0
0.0013179779052734375,0.0
0.006587386131286621,0.0
0.006838858127593994,0.0
0.002510547637939453,0.0
0.003189563751220703,0.0
0.004195988178253174,0.0
0.006895184516906738,0.0
0.005319118499755859,0.0
0.0013120174407958984,0.0
0.008352339267730713,0.0
0.009722590446472168,0.0
0.02786839008331299,0.0
0.031179428100585938,0.0
0.02124631404876709,0.0
0.0029155611991882324,0.0
0.007612884044647217,0.0
0.0012738704681396484,0.0
0.003942966461181641,0.0
0.0011982917785644531,0.0
0.009280502796173096,0.0
0.0028969645500183105,0.0
0.0009450316429138184,0.0
0.0074787139892578125,0.0
0.0005097389221191406,0.0
0.012101411819458008,0.0
0.0012296438217163086,0.0
0.0005079805850982666,0.0
0.003896951675415039,0.0
0.0071201324462890625,0.0
0.0065860748291015625,0.0
0.0008035898208618164,0.0
0.003486156463623047,0.0
0.0033921897411346436,0.0
0.001255035400390625,0.0
0.00014609098434448242,0.0
0.0006455779075622559,0.0
0.02191019058227539,0.0
0.011556148529052734,0.0
0.0015132427215576172,0.0
0.01956385374069214,0.0
0.009440720081329346,0.0
0.022906184196472168,0.0
0.024796247482299805,0.0
0.006173908710479736,0.0
0.003104686737060547,0.0
0.012945055961608887,0.0
0.01134800910949707,0.0
0.003739655017852783,0.0
0.0009862184524536133,0.0
0.005171000957489014,0.0
0.004215240478515625,0.0
0.0006274580955505371,0.0
0.00015801191329956055,0.0
0.007600307464599609,0.0
0.004624843597412109,0.0
0.004515588283538818,0.0
0.005479335784912109,0.0
0.002537071704864502,0.0
0.0077416300773620605,0.0
0.00903862714767456,0.0
0.0060710906982421875,0.0
0.0012111663818359375,0.0
0.010826587677001953,0.0
0.01638317108154297,0.0
0.004717230796813965,0.0
0.0016526579856872559,0.0
0.0073615312576293945,0.0
0.006343960762023926,0.0
2.3186206817626953e-05,0.0
0.0004107356071472168,0.0
0.0025046467781066895,0.0
0.00019931793212890625,0.0
0.006125062704086304,0.0
0.005144834518432617,0.0
0.015359163284301758,0.0
0.014471769332885742,0.0
0.007666349411010742,0.0
0.005385875701904297,0.0
0.002826392650604248,0.0
0.0030652880668640137,0.0
0.004657149314880371,0.0
0.004121541976928711,0.0
0.0003604888916015625,0.0
0.0068798065185546875,0.0
0.00260162353515625,0.0
0.0022441744804382324,0.0
0.015964508056640625,0.0
0.003998816013336182,0.0
0.01651942729949951,0.0
0.0128173828125,0.0
0.0028043389320373535,0.0
0.00015848875045776367,0.0
0.0008027553558349609,0.0
0.0033743977546691895,0.0
0.00011271238327026367,0.0
0.004354953765869141,0.0
0.005052506923675537,0.0
0.010872840881347656,0.0
0.004894375801086426,0.0
0.004133343696594238,0.0
0.004037678241729736,0.0
0.0036660432815551758,0.0
0.007327914237976074,0.0
0.005052387714385986,0.0
0.0029462575912475586,0.0
0.002555370330810547,0.0
0.00885617733001709,0.0
7.033348083496094e-05,0.0
0.011014342308044434,0.0
0.011100292205810547,0.0
0.00255662202835083,0.0
0.015396356582641602,0.0
0.008326530456542969,0.0
0.0039847493171691895,0.0
0.0071239471435546875,0.0
0.005938172340393066,0.0
0.005994200706481934,0.0
0.0039958953857421875,0.0
0.0021363496780395508,0.0
0.018954157829284668,0.0
0.0002878904342651367,0.0
0.002700507640838623,0.0
0.010875284671783447,0.0
0.005489945411682129,0.0
0.008952140808105469,0.0
0.0007871389389038086,0.0
0.0047509074211120605,0.0
0.00646895170211792,0.0
0.010465621948242188,0.0
0.007711589336395264,0.0
0.005213379859924316,0.0
0.010343313217163086,0.0
0.0037479400634765625,0.0
0.007295072078704834,0.0
0.003070831298828125,0.0
0.01613926887512207,0.0
0.02308499813079834,0.0
0.013638734817504883,0.0
0.01583242416381836,0.0
0.013837099075317383,0.0
0.007228553295135498,0.0
0.0030884742736816406,0.0
0.009074211120605469,0.0
0.016335666179656982,0.0
0.010957002639770508,0.0
0.006281733512878418,0.0
6.732344627380371e-05,0.0
0.002140641212463379,0.0
0.0031775236129760742,0.0
0.004736661911010742,0.0
0.0007038116455078125,0.0
0.002555370330810547,0.0
0.007283210754394531,0.0
0.006669044494628906,0.0
0.006518840789794922,0.0
0.003281116485595703,0.0
0.003937721252441406,0.0
0.0014325380325317383,0.0
0.010159164667129517,0.0
0.0083237886428833,0.0
0.0004972517490386963,0.0
0.0031577348709106445,0.0
0.0001932382583618164,0.0
0.004240512847900391,0.0
0.0015987753868103027,0.0
0.0001882314682006836,0.0
1.2099742889404297e-05,0.0
0.0033524632453918457,0.0
0.009545505046844482,0.0
0.005759000778198242,0.0
0.016295194625854492,0.0
0.007143855094909668,0.0
0.005610942840576172,0.0
0.004234671592712402,0.0
0.000896751880645752,0.0
0.003916263580322266,0.0
0.0016498565673828125,0.0
0.0019411444664001465,0.0
0.0006768107414245605,0.0
0.0035921335220336914,0.0
0.0051038265228271484,0.0
0.00857323408126831,0.0
0.00045037269592285156,0.0
0.008337080478668213,0.0
0.0021371841430664062,0.0
0.002914130687713623,0.0
0.024206876754760742,0.0
0.007544994354248047,0.0
0.011220753192901611,0.0
0.01859903335571289,0.0
0.007023751735687256,0.0
0.00873422622680664,0.0
0.0002994537353515625,0.0
0.0021788477897644043,0.0
0.009767532348632812,0.0
0.00782632827758789,0.0
0.015277206897735596,0.0
0.0027968883514404297,0.0
0.008039295673370361,0.0
0.0086134672164917,0.0
0.025571465492248535,0.0
0.012344837188720703,0.0
0.0050244927406311035,0.0
0.0012599825859069824,0.0
0.0069525837898254395,0.0
0.004983007907867432,0.0
0.0004725456237792969,0.0
0.08570992946624756,0.0
0.0028672218322753906,0.0
3.343820571899414e-05,0.0
0.00381392240524292,0.0
0.009214043617248535,0.0
0.0069918036460876465,0.0
0.0017476081848144531,0.0
0.007292449474334717,0.0
0.0028208494186401367,0.0
0.007707476615905762,0.0
0.0052776336669921875,0.0
0.0008411407470703125,0.0
0.0024469494819641113,0.0
0.003384828567504883,0.0
0.0018775463104248047,0.0
0.02186429500579834,0.0
0.016684293746948242,0.0
0.0025066733360290527,0.0
0.010834991931915283,0.0
0.004158973693847656,0.0
0.01855480670928955,0.0
0.001268148422241211,0.0
0.007629275321960449,0.0
0.006388962268829346,0.0
0.004361629486083984,0.0
0.003063678741455078,0.0
0.0011463165283203125,0.0
0.0007905960083007812,0.0
0.003313004970550537,0.0
0.0044019222259521484,0.0
0.0070879459381103516,0.0
0.00197523832321167,0.0
0.0035063624382019043,0.0
0.005889892578125,0.0
0.00044214725494384766,0.0
0.005643665790557861,0.0
0.010178744792938232,0.0
0.004511237144470215,0.0
0.0015056133270263672,0.0
0.0060977935791015625,0.0
0.007941484451293945,0.0
0.014891862869262695,0.0
0.012316584587097168,0.0
0.0029594898223876953,0.0
0.00023162364959716797,0.0
0.007752716541290283,0.0
0.006617426872253418,0.0
0.0013585090637207031,0.0
0.0008755326271057129,0.0
0.0007472038269042969,0.0
0.0013135075569152832,0.0
0.0054035186767578125,0.0
0.0017035603523254395,0.0
0.006084024906158447,0.0
0.0062208473682403564,0.0
0.001260519027709961,0.0
0.0023164451122283936,0.0
0.009725570678710938,0.0
0.003049135208129883,0.0
0.0001195371150970459,0.0
0.011949419975280762,0.0
0.002248823642730713,0.0
0.002095162868499756,0.0
0.007748961448669434,0.0
0.001407325267791748,0.0
0.011455416679382324,0.0
0.005402803421020508,0.0
0.0020415186882019043,0.0
0.010245561599731445,0.0
0.006983518600463867,0.0
0.005457639694213867,0.0
0.00851285457611084,0.0
0.0028946995735168457,0.0
0.0024667978286743164,0.0
0.004516124725341797,0.0
0.004246652126312256,0.0
0.010749340057373047,0.0
0.0012867450714111328,0.0
0.0025023221969604492,0.0
0.014277458190917969,0.0
0.013203561305999756,0.0
0.012864947319030762,0.0
0.014013469219207764,0.0
0.009691178798675537,0.0
0.006792426109313965,0.0
0.0036371946334838867,0.0
0.012228578329086304,0.0
0.0025957226753234863,0.0
0.004800021648406982,0.0
0.0021924972534179688,0.0
0.001976490020751953,0.0
0.011184215545654297,0.0
0.00011134147644042969,0.0
0.003336668014526367,0.0
0.006368875503540039,0.0
0.0030384063720703125,0.0
0.0017731189727783203,0.0
0.021065950393676758,0.0
0.016558408737182617,0.0
0.002170085906982422,0.0
0.012858420610427856,0.0
0.0012178421020507812,0.0
0.00020360946655273438,0.0
0.00925368070602417,0.0
0.014113903045654297,0.0
0.002698957920074463,0.0
0.007536709308624268,0.0
0.006570935249328613,0.0
0.0019426047801971436,0.0
0.006084442138671875,0.0
0.0013132095336914062,0.0
0.015091419219970703,0.0
0.00493168830871582,0.0
0.0025938749313354492,0.0
0.009297311305999756,0.0
0.003969073295593262,0.0
0.0007028579711914062,0.0
0.004453837871551514,0.0
9.930133819580078e-05,0.0
0.007307648658752441,0.0
7.581710815429688e-05,0.0
0.007990241050720215,0.0
0.008436203002929688,0.0
0.006509602069854736,0.0
0.0034270286560058594,0.0
0.004602253437042236,0.0
0.003940284252166748,0.0
0.0016826987266540527,0.0
0.008843213319778442,0.0
0.030613481998443604,0.0
0.011559724807739258,0.0
0.008452653884887695,0.0
0.002072572708129883,0.0
0.011573493480682373,0.0
0.003127574920654297,0.0
0.003373861312866211,0.0
0.012508094310760498,0.0
0.012528419494628906,0.0
0.003254830837249756,0.0
0.007132142782211304,0.0
0.003659188747406006,0.0
0.002237677574157715,0.0
0.007794976234436035,0.0
0.004404187202453613,0.0
0.008557796478271484,0.0
0.0024914145469665527,0.0
0.00638890266418457,0.0
0.007045745849609375,0.0
0.0030592679977416992,0.0
0.0072498321533203125,0.0
0.0052013397216796875,0.0
0.006646156311035156,0.0
0.0027375221252441406,0.0
0.0031664371490478516,0.0
0.008530616760253906,0.0
0.001020669937133789,0.0
0.009192228317260742,0.0
0.01402127742767334,0.0
0.01408684253692627,0.0
0.009544849395751953,0.0
0.0017775297164916992,0.0
0.006050586700439453,0.0
0.010636746883392334,0.0
0.007050901651382446,0.0
0.00444871187210083,0.0
0.004653811454772949,0.0
0.0035234689712524414,0.0
0.0014524459838867188,0.0
0.0059185028076171875,0.0
0.004284203052520752,0.0
0.0003091096878051758,0.0
0.007022380828857422,0.0
0.006199777126312256,0.0
0.003565669059753418,0.0
0.0024080276489257812,0.0
0.004306197166442871,0.0
0.008584737777709961,0.0
0.005095005035400391,0.0
0.0045244693756103516,0.0
0.007048249244689941,0.0
0.0155259370803833,0.0
0.009358406066894531,0.0
0.012598156929016113,0.0
0.006332278251647949,0.0
0.008423328399658203,0.0
0.009597480297088623,0.0
0.0034964680671691895,0.0
0.0037937164306640625,0.0
0.006843924522399902,0.0
0.004354298114776611,0.0
0.007842183113098145,0.0
0.01002049446105957,0.0
0.006471395492553711,0.0
0.008088886737823486,0.0
0.0014055371284484863,0.0
0.0053841471672058105,0.0
0.0042667388916015625,0.0
0.0031266212463378906,0.0
0.0017397403717041016,0.0
0.0008311271667480469,0.0
0.007455706596374512,0.0
0.0034028291702270508,0.0
0.004133403301239014,0.0
0.004501819610595703,0.0
0.001968860626220703,0.0
0.013283729553222656,0.0
0.016607284545898438,0.0
0.002557098865509033,0.0
0.006847083568572998,0.0
0.0031763315200805664,0.0
0.0045833587646484375,0.0
0.005225002765655518,0.0
0.0045642852783203125,0.0
0.01051872968673706,0.0
0.0016568899154663086,0.0
0.005920231342315674,0.0
0.0020956993103027344,0.0
0.001719832420349121,0.0
0.010843038558959961,0.0
0.009485483169555664,0.0
0.00747990608215332,0.0
0.0005165934562683105,0.0
0.0018084049224853516,0.0
0.0011289119720458984,0.0
0.0037941932678222656,0.0
0.002192258834838867,0.0
0.0018362998962402344,0.0
0.015796184539794922,0.0
0.01869887113571167,0.0
0.025373101234436035,0.0
0.023140311241149902,0.0
0.011006355285644531,0.0
0.01521444320678711,0.0
0.01229017972946167,0.0
0.007822036743164062,0.0
0.007976114749908447,0.0
0.00916600227355957,0.0
0.0058661699295043945,0.0
0.009762704372406006,0.0
0.01625645160675049,0.0
0.006098747253417969,0.0
0.0024840235710144043,0.0
0.0029317140579223633,0.0
0.008563339710235596,0.0
0.01511681079864502,0.0
0.0027456283569335938,0.0
0.0034998059272766113,0.0
0.005317568778991699,0.0
0.003043651580810547,0.0
0.02507948875427246,0.0
0.006114065647125244,0.0
0.005429744720458984,0.0
0.0027643442153930664,0.0
0.012460827827453613,0.0
0.002197742462158203,0.0
0.003022611141204834,0.0
0.001991748809814453,0.0
0.0060950517654418945,0.0
0.005213618278503418,0.0
0.004007160663604736,0.0
0.010303378105163574,0.0
0.0020810961723327637,0.0
0.002683877944946289,0.0
0.002704620361328125,0.0
0.0010281205177307129,0.0
0.0038205981254577637,0.0
0.006713747978210449,0.0
0.006440460681915283,0.0
0.0006730556488037109,0.0
0.012198925018310547,0.0
0.01170361042022705,0.0
0.015480756759643555,0.0
0.012628495693206787,0.0
0.0021305084228515625,0.0
0.008195161819458008,0.0
0.009496808052062988,0.0
0.006059467792510986,0.0
0.0007230639457702637,0.0
0.018982410430908203,0.0
0.01365584135055542,0.0
0.014847159385681152,0.0
0.006467461585998535,0.0
0.011207222938537598,0.0
0.007960319519042969,0.0
0.0009812712669372559,0.0
0.007224023342132568,0.0
4.7206878662109375e-05,0.0
0.010707199573516846,0.0
0.01769864559173584,0.0
0.0016453266143798828,0.0
0.026390552520751953,0.0
0.023046255111694336,0.0
0.02196800708770752,0.0
0.017897367477416992,0.0
0.0077950358390808105,0.0
0.0056504905223846436,0.0
0.004328727722167969,0.0
0.004302978515625,0.0
0.006094038486480713,0.0
0.003070235252380371,0.0
0.006556510925292969,0.0
0.0001251697540283203,0.0
0.006058484315872192,0.0
0.0063991546630859375,0.0
0.008912980556488037,0.0
0.0015450716018676758,0.0
0.003437936305999756,0.0
0.003412604331970215,0.0
0.0031881332397460938,0.0
0.0015739202499389648,0.0
0.004471898078918457,0.0
0.003833770751953125,0.0
0.011211395263671875,0.0
0.005661308765411377,0.0
0.003335297107696533,0.0
0.0021224021911621094,0.0
0.00906991958618164,0.0
0.006999373435974121,0.0
0.008765935897827148,0.0
0.006539821624755859,0.0
0.011696934700012207,0.0
0.003377556800842285,0.0
0.005194485187530518,0.0
0.0026487112045288086,0.0
0.0005345344543457031,0.0
0.0068236589431762695,0.0
0.00471043586730957,0.0
0.003955721855163574,0.0
0.004122734069824219,0.0
0.014339029788970947,0.0
0.0010962486267089844,0.0
0.004553020000457764,0.0
0.008622527122497559,0.0
0.008405506610870361,0.0
0.0123063325881958,0.0
0.013756990432739258,0.0
0.005303859710693359,0.0
0.00011110305786132812,0.0
0.005748271942138672,0.0
0.0023897290229797363,0.0
0.004461407661437988,0.0
0.004415154457092285,0.0
0.00779801607131958,0.0
0.0008568763732910156,0.0
0.0009416341781616211,0.0
0.0009150505065917969,0.0
0.005594074726104736,0.0
0.0005849599838256836,0.0
0.0005221366882324219,0.0
0.004990994930267334,0.0
0.004654049873352051,0.0
0.003291010856628418,0.0
0.0031922459602355957,0.0
0.008975028991699219,0.0
0.006590664386749268,0.0
0.0021742582321166992,0.0
0.004642963409423828,0.0
0.013910293579101562,0.0
0.008337795734405518,0.0
0.010644912719726562,0.0
0.008145332336425781,0.0
0.0018334388732910156,0.0
0.002124786376953125,0.0
0.0005666017532348633,0.0
0.0033377408981323242,0.0
0.0031988024711608887,0.0
0.006971538066864014,0.0
0.005563139915466309,0.0
0.005071818828582764,0.0
0.0113486647605896,0.0
0.00040972232818603516,0.0
0.0007911920547485352,0.0
0.0067441463470458984,0.0
0.0014519691467285156,0.0
0.02471745014190674,0.0
0.00866156816482544,0.0
0.0098801851272583,0.0
0.00934147834777832,0.0
0.007593870162963867,0.0
0.02067887783050537,0.0
0.009870350360870361,0.0
0.0010092854499816895,0.0
0.014425992965698242,0.0
0.004819154739379883,0.0
0.0019990205764770508,0.0
0.003198564052581787,0.0
0.006628155708312988,0.0
0.007324337959289551,0.0
0.007771432399749756,0.0
0.003647327423095703,0.0
0.003270089626312256,0.0
0.0011305809020996094,0.0
0.004428863525390625,0.0
0.004991710186004639,0.0
0.0015386343002319336,0.0
0.007625579833984375,0.0
0.00915217399597168,0.0
0.005163669586181641,0.0
0.0015867948532104492,0.0
0.0005843639373779297,0.0
0.0015839934349060059,0.0
0.00880444049835205,0.0
0.0018720626831054688,0.0
0.01059567928314209,0.0
0.010416746139526367,0.0
0.007477760314941406,0.0
0.002852916717529297,0.0
0.006048321723937988,0.0
0.009939432144165039,0.0
0.0077390968799591064,0.0
0.0127793550491333,0.0
0.007404208183288574,0.0
0.005207061767578125,0.0
0.01335132122039795,0.0
0.006545901298522949,0.0
0.003727853298187256,0.0
0.0024940967559814453,0.0
0.01384580135345459,0.0
0.010646224021911621,0.0
0.004964232444763184,0.0
0.0005519390106201172,0.0
0.002169281244277954,0.0
0.003122091293334961,0.0
0.002452850341796875,0.0
0.003353714942932129,0.0
0.014539957046508789,0.0
0.007843971252441406,0.0
0.004024505615234375,0.0
0.0015107393264770508,0.0
0.019083023071289062,0.0
0.0022240877151489258,0.0
0.004410088062286377,0.0
0.004745006561279297,0.0
0.0117875337600708,0.0
0.006947457790374756,0.0
2.3365020751953125e-05,0.0
0.010132908821105957,0.0
0.002934396266937256,0.0
0.0035567283630371094,0.0
0.0016175508499145508,0.0
0.004240512847900391,0.0
0.0005400180816650391,0.0
0.0005429387092590332,0.0
0.005612969398498535,0.0
0.006186008453369141,0.0
0.00043010711669921875,0.0
0.013222694396972656,0.0
0.008215665817260742,0.0
0.013992786407470703,0.0
0.0020915865898132324,0.0
0.0014513731002807617,0.0
0.0010361671447753906,0.0
0.0049953460693359375,0.0
0.007564842700958252,0.0
0.0078105926513671875,0.0
0.0009062290191650391,0.0
0.005757331848144531,0.0
0.009218335151672363,0.0
0.006262004375457764,0.0
0.013125777244567871,0.0
0.0018534660339355469,0.0
0.0003070831298828125,0.0
0.003873467445373535,0.0
0.008328139781951904,0.0
0.0021317601203918457,0.0
0.009682655334472656,0.0
0.0006018877029418945,0.0
0.005405128002166748,0.0
0.0041351318359375,0.0
0.011397123336791992,0.0
0.005334973335266113,0.0
0.0030471086502075195,0.0
0.017924070358276367,0.0
0.003787398338317871,0.0
0.0028415322303771973,0.0
0.002083301544189453,0.0
0.00019025802612304688,0.0
0.005560576915740967,0.0
0.0020692944526672363,0.0
0.014272868633270264,0.0
0.00893622636795044,0.0
0.009185791015625,0.0
0.008970260620117188,0.0
0.002910614013671875,0.0
0.003033965826034546,0.0
0.008299469947814941,0.0
0.003983020782470703,0.0
0.0028380155563354492,0.0
0.013078689575195312,0.0
0.006143748760223389,0.0
0.004611015319824219,0.0
0.018401265144348145,0.0
0.005629062652587891,0.0
0.005207717418670654,0.0
0.010210871696472168,0.0
0.008029460906982422,0.0
0.01229405403137207,0.0
0.0013001561164855957,0.0
0.019545793533325195,0.0
0.004290342330932617,0.0
0.01077878475189209,0.0
0.0020610690116882324,0.0
0.0044803619384765625,0.0
0.007737398147583008,0.0
0.0069914162158966064,0.0
0.0009366869926452637,0.0
0.006366312503814697,0.0
0.006777405738830566,0.0
0.004751086235046387,0.0
0.0004596710205078125,0.0
0.002003610134124756,0.0
0.006317496299743652,0.0
0.004533648490905762,0.0
0.0014519691467285156,0.0
0.0008058547973632812,0.0
0.00013846158981323242,0.0
0.0033395886421203613,0.0
0.001079559326171875,0.0
0.0008402466773986816,0.0
0.008949756622314453,0.0
0.016197681427001953,0.0
0.012154757976531982,0.0
0.033390045166015625,0.0
0.05480515956878662,0.0
0.11081075668334961,0.0
0.0014990568161010742,0.0
0.32886624336242676,0.0
0.5774931311607361,0.0
