error,treshold
0.19398735463619232,0.04324587434530258
0.19398735463619232,0.04324587434530258
0.19398735463619232,0.04324587434530258
0.19398735463619232,0.04324587434530258
0.19398735463619232,0.04324587434530258
0.19398735463619232,0.04324587434530258
0.19398735463619232,0.04324587434530258
0.19398735463619232,0.04324587434530258
0.19398735463619232,0.04324587434530258
0.19398735463619232,0.04324587434530258
0.19398735463619232,0.04324587434530258
0.19398735463619232,0.04324587434530258
0.19398735463619232,0.04324587434530258
0.19398735463619232,0.04324587434530258
0.19398735463619232,0.04324587434530258
0.19398735463619232,0.04324587434530258
0.19398735463619232,0.04324587434530258
0.19398735463619232,0.04324587434530258
0.19398735463619232,0.04324587434530258
0.19398735463619232,0.04324587434530258
0.13263770937919617,0.0803096815943718
0.13263770937919617,0.0803096815943718
0.13263770937919617,0.0803096815943718
0.13263770937919617,0.0803096815943718
0.13263770937919617,0.0803096815943718
0.13263770937919617,0.0803096815943718
0.13263770937919617,0.0803096815943718
0.13263770937919617,0.0803096815943718
0.13263770937919617,0.0803096815943718
0.13263770937919617,0.0803096815943718
0.13263770937919617,0.0803096815943718
0.13263770937919617,0.0803096815943718
0.13263770937919617,0.0803096815943718
0.13263770937919617,0.0803096815943718
0.13263770937919617,0.0803096815943718
0.13263770937919617,0.0803096815943718
0.13263770937919617,0.0803096815943718
0.13263770937919617,0.0803096815943718
0.13263770937919617,0.0803096815943718
0.13263770937919617,0.0803096815943718
0.6251600384712219,0.14545193314552307
0.6251600384712219,0.14545193314552307
0.6251600384712219,0.14545193314552307
0.6251600384712219,0.14545193314552307
0.6251600384712219,0.14545193314552307
0.6251600384712219,0.14545193314552307
0.6251600384712219,0.14545193314552307
0.6251600384712219,0.14545193314552307
0.6251600384712219,0.14545193314552307
0.6251600384712219,0.14545193314552307
0.6251600384712219,0.14545193314552307
0.6251600384712219,0.14545193314552307
0.6251600384712219,0.14545193314552307
0.6251600384712219,0.14545193314552307
0.6251600384712219,0.14545193314552307
0.6251600384712219,0.14545193314552307
0.6251600384712219,0.14545193314552307
0.6251600384712219,0.14545193314552307
0.6251600384712219,0.14545193314552307
0.6251600384712219,0.14545193314552307
0.3496139645576477,0.101735919713974
0.3496139645576477,0.101735919713974
0.3496139645576477,0.101735919713974
0.3496139645576477,0.101735919713974
0.3496139645576477,0.101735919713974
0.3496139645576477,0.101735919713974
0.3496139645576477,0.101735919713974
0.3496139645576477,0.101735919713974
0.3496139645576477,0.101735919713974
0.3496139645576477,0.101735919713974
0.3496139645576477,0.101735919713974
0.3496139645576477,0.101735919713974
0.3496139645576477,0.101735919713974
0.3496139645576477,0.101735919713974
0.3496139645576477,0.101735919713974
0.3496139645576477,0.101735919713974
0.3496139645576477,0.101735919713974
0.3496139645576477,0.101735919713974
0.3496139645576477,0.101735919713974
0.3496139645576477,0.101735919713974
0.1045563742518425,0.09055250883102417
0.1045563742518425,0.09055250883102417
0.1045563742518425,0.09055250883102417
0.1045563742518425,0.09055250883102417
0.1045563742518425,0.09055250883102417
0.1045563742518425,0.09055250883102417
0.1045563742518425,0.09055250883102417
0.1045563742518425,0.09055250883102417
0.1045563742518425,0.09055250883102417
0.1045563742518425,0.09055250883102417
0.1045563742518425,0.09055250883102417
0.1045563742518425,0.09055250883102417
0.1045563742518425,0.09055250883102417
0.1045563742518425,0.09055250883102417
0.1045563742518425,0.09055250883102417
0.1045563742518425,0.09055250883102417
0.1045563742518425,0.09055250883102417
0.1045563742518425,0.09055250883102417
0.1045563742518425,0.09055250883102417
0.1045563742518425,0.09055250883102417
0.07309961318969727,0.09143313020467758
0.07309961318969727,0.09143313020467758
0.07309961318969727,0.09143313020467758
0.07309961318969727,0.09143313020467758
0.07309961318969727,0.09143313020467758
0.07309961318969727,0.09143313020467758
0.07309961318969727,0.09143313020467758
0.07309961318969727,0.09143313020467758
0.07309961318969727,0.09143313020467758
0.07309961318969727,0.09143313020467758
0.07309961318969727,0.09143313020467758
0.07309961318969727,0.09143313020467758
0.07309961318969727,0.09143313020467758
0.07309961318969727,0.09143313020467758
0.07309961318969727,0.09143313020467758
0.07309961318969727,0.09143313020467758
0.07309961318969727,0.09143313020467758
0.07309961318969727,0.09143313020467758
0.07309961318969727,0.09143313020467758
0.07309961318969727,0.09143313020467758
0.05072050541639328,0.08939042687416077
0.05072050541639328,0.08939042687416077
0.05072050541639328,0.08939042687416077
0.05072050541639328,0.08939042687416077
0.05072050541639328,0.08939042687416077
0.05072050541639328,0.08939042687416077
0.05072050541639328,0.08939042687416077
0.05072050541639328,0.08939042687416077
0.05072050541639328,0.08939042687416077
0.05072050541639328,0.08939042687416077
0.05072050541639328,0.08939042687416077
0.05072050541639328,0.08939042687416077
0.05072050541639328,0.08939042687416077
0.05072050541639328,0.08939042687416077
0.05072050541639328,0.08939042687416077
0.05072050541639328,0.08939042687416077
0.05072050541639328,0.08939042687416077
0.05072050541639328,0.08939042687416077
0.05072050541639328,0.08939042687416077
0.05072050541639328,0.08939042687416077
0.030710287392139435,0.08676117658615112
0.030710287392139435,0.08676117658615112
0.030710287392139435,0.08676117658615112
0.030710287392139435,0.08676117658615112
0.030710287392139435,0.08676117658615112
0.030710287392139435,0.08676117658615112
0.030710287392139435,0.08676117658615112
0.030710287392139435,0.08676117658615112
0.030710287392139435,0.08676117658615112
0.030710287392139435,0.08676117658615112
0.030710287392139435,0.08676117658615112
0.030710287392139435,0.08676117658615112
0.030710287392139435,0.08676117658615112
0.030710287392139435,0.08676117658615112
0.030710287392139435,0.08676117658615112
0.030710287392139435,0.08676117658615112
0.030710287392139435,0.08676117658615112
0.030710287392139435,0.08676117658615112
0.030710287392139435,0.08676117658615112
0.030710287392139435,0.08676117658615112
0.042499687522649765,0.0885138064622879
0.042499687522649765,0.0885138064622879
0.042499687522649765,0.0885138064622879
0.042499687522649765,0.0885138064622879
0.042499687522649765,0.0885138064622879
0.042499687522649765,0.0885138064622879
0.042499687522649765,0.0885138064622879
0.042499687522649765,0.0885138064622879
0.042499687522649765,0.0885138064622879
0.042499687522649765,0.0885138064622879
0.042499687522649765,0.0885138064622879
0.042499687522649765,0.0885138064622879
0.042499687522649765,0.0885138064622879
0.042499687522649765,0.0885138064622879
0.042499687522649765,0.0885138064622879
0.042499687522649765,0.0885138064622879
0.042499687522649765,0.0885138064622879
0.042499687522649765,0.0885138064622879
0.042499687522649765,0.0885138064622879
0.042499687522649765,0.0885138064622879
0.032781537622213364,0.09332987666130066
0.032781537622213364,0.09332987666130066
0.032781537622213364,0.09332987666130066
0.032781537622213364,0.09332987666130066
0.032781537622213364,0.09332987666130066
0.032781537622213364,0.09332987666130066
0.032781537622213364,0.09332987666130066
0.032781537622213364,0.09332987666130066
0.032781537622213364,0.09332987666130066
0.032781537622213364,0.09332987666130066
0.032781537622213364,0.09332987666130066
0.032781537622213364,0.09332987666130066
0.032781537622213364,0.09332987666130066
0.032781537622213364,0.09332987666130066
0.032781537622213364,0.09332987666130066
0.032781537622213364,0.09332987666130066
0.032781537622213364,0.09332987666130066
0.032781537622213364,0.09332987666130066
0.032781537622213364,0.09332987666130066
0.032781537622213364,0.09332987666130066
0.0639178529381752,0.09430330991744995
0.0639178529381752,0.09430330991744995
0.0639178529381752,0.09430330991744995
0.0639178529381752,0.09430330991744995
0.0639178529381752,0.09430330991744995
0.0639178529381752,0.09430330991744995
0.0639178529381752,0.09430330991744995
0.0639178529381752,0.09430330991744995
0.0639178529381752,0.09430330991744995
0.0639178529381752,0.09430330991744995
0.0639178529381752,0.09430330991744995
0.0639178529381752,0.09430330991744995
0.0639178529381752,0.09430330991744995
0.0639178529381752,0.09430330991744995
0.0639178529381752,0.09430330991744995
0.0639178529381752,0.09430330991744995
0.0639178529381752,0.09430330991744995
0.0639178529381752,0.09430330991744995
0.0639178529381752,0.09430330991744995
0.0639178529381752,0.09430330991744995
0.08684585243463516,0.0879741907119751
0.08684585243463516,0.0879741907119751
0.08684585243463516,0.0879741907119751
0.08684585243463516,0.0879741907119751
0.08684585243463516,0.0879741907119751
0.08684585243463516,0.0879741907119751
0.08684585243463516,0.0879741907119751
0.08684585243463516,0.0879741907119751
0.08684585243463516,0.0879741907119751
0.08684585243463516,0.0879741907119751
0.08684585243463516,0.0879741907119751
0.08684585243463516,0.0879741907119751
0.08684585243463516,0.0879741907119751
0.08684585243463516,0.0879741907119751
0.08684585243463516,0.0879741907119751
0.08684585243463516,0.0879741907119751
0.08684585243463516,0.0879741907119751
0.08684585243463516,0.0879741907119751
0.08684585243463516,0.0879741907119751
0.08684585243463516,0.0879741907119751
0.09879669547080994,0.08283242583274841
0.09879669547080994,0.08283242583274841
0.09879669547080994,0.08283242583274841
0.09879669547080994,0.08283242583274841
0.09879669547080994,0.08283242583274841
0.09879669547080994,0.08283242583274841
0.09879669547080994,0.08283242583274841
0.09879669547080994,0.08283242583274841
0.09879669547080994,0.08283242583274841
0.09879669547080994,0.08283242583274841
0.09879669547080994,0.08283242583274841
0.09879669547080994,0.08283242583274841
0.09879669547080994,0.08283242583274841
0.09879669547080994,0.08283242583274841
0.09879669547080994,0.08283242583274841
0.09879669547080994,0.08283242583274841
0.09879669547080994,0.08283242583274841
0.09879669547080994,0.08283242583274841
0.09879669547080994,0.08283242583274841
0.09879669547080994,0.08283242583274841
0.1834680289030075,0.08185383677482605
0.1834680289030075,0.08185383677482605
0.1834680289030075,0.08185383677482605
0.1834680289030075,0.08185383677482605
0.1834680289030075,0.08185383677482605
0.1834680289030075,0.08185383677482605
0.1834680289030075,0.08185383677482605
0.1834680289030075,0.08185383677482605
0.1834680289030075,0.08185383677482605
0.1834680289030075,0.08185383677482605
0.1834680289030075,0.08185383677482605
0.1834680289030075,0.08185383677482605
0.1834680289030075,0.08185383677482605
0.1834680289030075,0.08185383677482605
0.1834680289030075,0.08185383677482605
0.1834680289030075,0.08185383677482605
0.1834680289030075,0.08185383677482605
0.1834680289030075,0.08185383677482605
0.1834680289030075,0.08185383677482605
0.1834680289030075,0.08185383677482605
0.21688255667686462,0.08275695890188217
0.21688255667686462,0.08275695890188217
0.21688255667686462,0.08275695890188217
0.21688255667686462,0.08275695890188217
0.21688255667686462,0.08275695890188217
0.21688255667686462,0.08275695890188217
0.21688255667686462,0.08275695890188217
0.21688255667686462,0.08275695890188217
0.21688255667686462,0.08275695890188217
0.21688255667686462,0.08275695890188217
0.21688255667686462,0.08275695890188217
0.21688255667686462,0.08275695890188217
0.21688255667686462,0.08275695890188217
0.21688255667686462,0.08275695890188217
0.21688255667686462,0.08275695890188217
0.21688255667686462,0.08275695890188217
0.21688255667686462,0.08275695890188217
0.21688255667686462,0.08275695890188217
0.21688255667686462,0.08275695890188217
0.21688255667686462,0.08275695890188217
0.10008504241704941,0.0814758911728859
0.10008504241704941,0.0814758911728859
0.10008504241704941,0.0814758911728859
0.10008504241704941,0.0814758911728859
0.10008504241704941,0.0814758911728859
0.10008504241704941,0.0814758911728859
0.10008504241704941,0.0814758911728859
0.10008504241704941,0.0814758911728859
0.10008504241704941,0.0814758911728859
0.10008504241704941,0.0814758911728859
0.10008504241704941,0.0814758911728859
0.10008504241704941,0.0814758911728859
0.10008504241704941,0.0814758911728859
0.10008504241704941,0.0814758911728859
0.10008504241704941,0.0814758911728859
0.10008504241704941,0.0814758911728859
0.10008504241704941,0.0814758911728859
0.10008504241704941,0.0814758911728859
0.10008504241704941,0.0814758911728859
0.10008504241704941,0.0814758911728859
0.08822579681873322,0.08192787319421768
0.08822579681873322,0.08192787319421768
0.08822579681873322,0.08192787319421768
0.08822579681873322,0.08192787319421768
0.08822579681873322,0.08192787319421768
0.08822579681873322,0.08192787319421768
0.08822579681873322,0.08192787319421768
0.08822579681873322,0.08192787319421768
0.08822579681873322,0.08192787319421768
0.08822579681873322,0.08192787319421768
0.08822579681873322,0.08192787319421768
0.08822579681873322,0.08192787319421768
0.08822579681873322,0.08192787319421768
0.08822579681873322,0.08192787319421768
0.08822579681873322,0.08192787319421768
0.08822579681873322,0.08192787319421768
0.08822579681873322,0.08192787319421768
0.08822579681873322,0.08192787319421768
0.08822579681873322,0.08192787319421768
0.08822579681873322,0.08192787319421768
0.10383777320384979,0.09153585880994797
0.10383777320384979,0.09153585880994797
0.10383777320384979,0.09153585880994797
0.10383777320384979,0.09153585880994797
0.10383777320384979,0.09153585880994797
0.10383777320384979,0.09153585880994797
0.10383777320384979,0.09153585880994797
0.10383777320384979,0.09153585880994797
0.10383777320384979,0.09153585880994797
0.10383777320384979,0.09153585880994797
0.10383777320384979,0.09153585880994797
0.10383777320384979,0.09153585880994797
0.10383777320384979,0.09153585880994797
0.10383777320384979,0.09153585880994797
0.10383777320384979,0.09153585880994797
0.10383777320384979,0.09153585880994797
0.10383777320384979,0.09153585880994797
0.10383777320384979,0.09153585880994797
0.10383777320384979,0.09153585880994797
0.10383777320384979,0.09153585880994797
0.09173955768346786,0.09299565106630325
0.09173955768346786,0.09299565106630325
0.09173955768346786,0.09299565106630325
0.09173955768346786,0.09299565106630325
0.09173955768346786,0.09299565106630325
0.09173955768346786,0.09299565106630325
0.09173955768346786,0.09299565106630325
0.09173955768346786,0.09299565106630325
0.09173955768346786,0.09299565106630325
0.09173955768346786,0.09299565106630325
0.09173955768346786,0.09299565106630325
0.09173955768346786,0.09299565106630325
0.09173955768346786,0.09299565106630325
0.09173955768346786,0.09299565106630325
0.09173955768346786,0.09299565106630325
0.09173955768346786,0.09299565106630325
0.09173955768346786,0.09299565106630325
0.09173955768346786,0.09299565106630325
0.09173955768346786,0.09299565106630325
0.09173955768346786,0.09299565106630325
0.08380955457687378,0.09544149786233902
0.08380955457687378,0.09544149786233902
0.08380955457687378,0.09544149786233902
0.08380955457687378,0.09544149786233902
0.08380955457687378,0.09544149786233902
0.08380955457687378,0.09544149786233902
0.08380955457687378,0.09544149786233902
0.08380955457687378,0.09544149786233902
0.08380955457687378,0.09544149786233902
0.08380955457687378,0.09544149786233902
0.08380955457687378,0.09544149786233902
0.08380955457687378,0.09544149786233902
0.08380955457687378,0.09544149786233902
0.08380955457687378,0.09544149786233902
0.08380955457687378,0.09544149786233902
0.08380955457687378,0.09544149786233902
0.08380955457687378,0.09544149786233902
0.08380955457687378,0.09544149786233902
0.08380955457687378,0.09544149786233902
0.08380955457687378,0.09544149786233902
0.07278648763895035,0.10016831010580063
0.07278648763895035,0.10016831010580063
0.07278648763895035,0.10016831010580063
0.07278648763895035,0.10016831010580063
0.07278648763895035,0.10016831010580063
0.07278648763895035,0.10016831010580063
0.07278648763895035,0.10016831010580063
0.07278648763895035,0.10016831010580063
0.07278648763895035,0.10016831010580063
0.07278648763895035,0.10016831010580063
0.07278648763895035,0.10016831010580063
0.07278648763895035,0.10016831010580063
0.07278648763895035,0.10016831010580063
0.07278648763895035,0.10016831010580063
0.07278648763895035,0.10016831010580063
0.07278648763895035,0.10016831010580063
0.07278648763895035,0.10016831010580063
0.07278648763895035,0.10016831010580063
0.07278648763895035,0.10016831010580063
0.07278648763895035,0.10016831010580063
0.0600869245827198,0.08858626335859299
0.0600869245827198,0.08858626335859299
0.0600869245827198,0.08858626335859299
0.0600869245827198,0.08858626335859299
0.0600869245827198,0.08858626335859299
0.0600869245827198,0.08858626335859299
0.0600869245827198,0.08858626335859299
0.0600869245827198,0.08858626335859299
0.0600869245827198,0.08858626335859299
0.0600869245827198,0.08858626335859299
0.0600869245827198,0.08858626335859299
0.0600869245827198,0.08858626335859299
0.0600869245827198,0.08858626335859299
0.0600869245827198,0.08858626335859299
0.0600869245827198,0.08858626335859299
0.0600869245827198,0.08858626335859299
0.0600869245827198,0.08858626335859299
0.0600869245827198,0.08858626335859299
0.0600869245827198,0.08858626335859299
0.0600869245827198,0.08858626335859299
0.1003357470035553,0.08545152842998505
0.1003357470035553,0.08545152842998505
0.1003357470035553,0.08545152842998505
0.1003357470035553,0.08545152842998505
0.1003357470035553,0.08545152842998505
0.1003357470035553,0.08545152842998505
0.1003357470035553,0.08545152842998505
0.1003357470035553,0.08545152842998505
0.1003357470035553,0.08545152842998505
0.1003357470035553,0.08545152842998505
0.1003357470035553,0.08545152842998505
0.1003357470035553,0.08545152842998505
0.1003357470035553,0.08545152842998505
0.1003357470035553,0.08545152842998505
0.1003357470035553,0.08545152842998505
0.1003357470035553,0.08545152842998505
0.1003357470035553,0.08545152842998505
0.1003357470035553,0.08545152842998505
0.1003357470035553,0.08545152842998505
0.1003357470035553,0.08545152842998505
0.12593397498130798,0.09891697019338608
0.12593397498130798,0.09891697019338608
0.12593397498130798,0.09891697019338608
0.12593397498130798,0.09891697019338608
0.12593397498130798,0.09891697019338608
0.12593397498130798,0.09891697019338608
0.12593397498130798,0.09891697019338608
0.12593397498130798,0.09891697019338608
0.12593397498130798,0.09891697019338608
0.12593397498130798,0.09891697019338608
0.12593397498130798,0.09891697019338608
0.12593397498130798,0.09891697019338608
0.12593397498130798,0.09891697019338608
0.12593397498130798,0.09891697019338608
0.12593397498130798,0.09891697019338608
0.12593397498130798,0.09891697019338608
0.12593397498130798,0.09891697019338608
0.12593397498130798,0.09891697019338608
0.12593397498130798,0.09891697019338608
0.12593397498130798,0.09891697019338608
0.09093418717384338,0.09959118813276291
0.09093418717384338,0.09959118813276291
0.09093418717384338,0.09959118813276291
0.09093418717384338,0.09959118813276291
0.09093418717384338,0.09959118813276291
0.09093418717384338,0.09959118813276291
0.09093418717384338,0.09959118813276291
0.09093418717384338,0.09959118813276291
0.09093418717384338,0.09959118813276291
0.09093418717384338,0.09959118813276291
0.09093418717384338,0.09959118813276291
0.09093418717384338,0.09959118813276291
0.09093418717384338,0.09959118813276291
0.09093418717384338,0.09959118813276291
0.09093418717384338,0.09959118813276291
0.09093418717384338,0.09959118813276291
0.09093418717384338,0.09959118813276291
0.09093418717384338,0.09959118813276291
0.09093418717384338,0.09959118813276291
0.09093418717384338,0.09959118813276291
0.056914377957582474,0.09414438903331757
0.056914377957582474,0.09414438903331757
0.056914377957582474,0.09414438903331757
0.056914377957582474,0.09414438903331757
0.056914377957582474,0.09414438903331757
0.056914377957582474,0.09414438903331757
0.056914377957582474,0.09414438903331757
0.056914377957582474,0.09414438903331757
0.056914377957582474,0.09414438903331757
0.056914377957582474,0.09414438903331757
0.056914377957582474,0.09414438903331757
0.056914377957582474,0.09414438903331757
0.056914377957582474,0.09414438903331757
0.056914377957582474,0.09414438903331757
0.056914377957582474,0.09414438903331757
0.056914377957582474,0.09414438903331757
0.056914377957582474,0.09414438903331757
0.056914377957582474,0.09414438903331757
0.056914377957582474,0.09414438903331757
0.056914377957582474,0.09414438903331757
0.10976522415876389,0.09711755067110062
0.10976522415876389,0.09711755067110062
0.10976522415876389,0.09711755067110062
0.10976522415876389,0.09711755067110062
0.10976522415876389,0.09711755067110062
0.10976522415876389,0.09711755067110062
0.10976522415876389,0.09711755067110062
0.10976522415876389,0.09711755067110062
0.10976522415876389,0.09711755067110062
0.10976522415876389,0.09711755067110062
0.10976522415876389,0.09711755067110062
0.10976522415876389,0.09711755067110062
0.10976522415876389,0.09711755067110062
0.10976522415876389,0.09711755067110062
0.10976522415876389,0.09711755067110062
0.10976522415876389,0.09711755067110062
0.10976522415876389,0.09711755067110062
0.10976522415876389,0.09711755067110062
0.10976522415876389,0.09711755067110062
0.10976522415876389,0.09711755067110062
0.12077054381370544,0.112849660217762
0.12077054381370544,0.112849660217762
0.12077054381370544,0.112849660217762
0.12077054381370544,0.112849660217762
0.12077054381370544,0.112849660217762
0.12077054381370544,0.112849660217762
0.12077054381370544,0.112849660217762
0.12077054381370544,0.112849660217762
0.12077054381370544,0.112849660217762
0.12077054381370544,0.112849660217762
0.12077054381370544,0.112849660217762
0.12077054381370544,0.112849660217762
0.12077054381370544,0.112849660217762
0.12077054381370544,0.112849660217762
0.12077054381370544,0.112849660217762
0.12077054381370544,0.112849660217762
0.12077054381370544,0.112849660217762
0.12077054381370544,0.112849660217762
0.12077054381370544,0.112849660217762
0.12077054381370544,0.112849660217762
0.047001633793115616,0.10607920587062836
0.047001633793115616,0.10607920587062836
0.047001633793115616,0.10607920587062836
0.047001633793115616,0.10607920587062836
0.047001633793115616,0.10607920587062836
0.047001633793115616,0.10607920587062836
0.047001633793115616,0.10607920587062836
0.047001633793115616,0.10607920587062836
0.047001633793115616,0.10607920587062836
0.047001633793115616,0.10607920587062836
0.047001633793115616,0.10607920587062836
0.047001633793115616,0.10607920587062836
0.047001633793115616,0.10607920587062836
0.047001633793115616,0.10607920587062836
0.047001633793115616,0.10607920587062836
0.047001633793115616,0.10607920587062836
0.047001633793115616,0.10607920587062836
0.047001633793115616,0.10607920587062836
0.047001633793115616,0.10607920587062836
0.047001633793115616,0.10607920587062836
0.06061946973204613,0.11150487512350082
0.06061946973204613,0.11150487512350082
0.06061946973204613,0.11150487512350082
0.06061946973204613,0.11150487512350082
0.06061946973204613,0.11150487512350082
0.06061946973204613,0.11150487512350082
0.06061946973204613,0.11150487512350082
0.06061946973204613,0.11150487512350082
0.06061946973204613,0.11150487512350082
0.06061946973204613,0.11150487512350082
0.06061946973204613,0.11150487512350082
0.06061946973204613,0.11150487512350082
0.06061946973204613,0.11150487512350082
0.06061946973204613,0.11150487512350082
0.06061946973204613,0.11150487512350082
0.06061946973204613,0.11150487512350082
0.06061946973204613,0.11150487512350082
0.06061946973204613,0.11150487512350082
0.06061946973204613,0.11150487512350082
0.06061946973204613,0.11150487512350082
0.10343845933675766,0.10970176011323929
0.10343845933675766,0.10970176011323929
0.10343845933675766,0.10970176011323929
0.10343845933675766,0.10970176011323929
0.10343845933675766,0.10970176011323929
0.10343845933675766,0.10970176011323929
0.10343845933675766,0.10970176011323929
0.10343845933675766,0.10970176011323929
0.10343845933675766,0.10970176011323929
0.10343845933675766,0.10970176011323929
0.10343845933675766,0.10970176011323929
0.10343845933675766,0.10970176011323929
0.10343845933675766,0.10970176011323929
0.10343845933675766,0.10970176011323929
0.10343845933675766,0.10970176011323929
0.10343845933675766,0.10970176011323929
0.10343845933675766,0.10970176011323929
0.10343845933675766,0.10970176011323929
0.10343845933675766,0.10970176011323929
0.10343845933675766,0.10970176011323929
0.06531893461942673,0.11187426000833511
0.06531893461942673,0.11187426000833511
0.06531893461942673,0.11187426000833511
0.06531893461942673,0.11187426000833511
0.06531893461942673,0.11187426000833511
0.06531893461942673,0.11187426000833511
0.06531893461942673,0.11187426000833511
0.06531893461942673,0.11187426000833511
0.06531893461942673,0.11187426000833511
0.06531893461942673,0.11187426000833511
0.06531893461942673,0.11187426000833511
0.06531893461942673,0.11187426000833511
0.06531893461942673,0.11187426000833511
0.06531893461942673,0.11187426000833511
0.06531893461942673,0.11187426000833511
0.06531893461942673,0.11187426000833511
0.06531893461942673,0.11187426000833511
0.06531893461942673,0.11187426000833511
0.06531893461942673,0.11187426000833511
0.06531893461942673,0.11187426000833511
0.024615030735731125,0.1121121197938919
0.024615030735731125,0.1121121197938919
0.024615030735731125,0.1121121197938919
0.024615030735731125,0.1121121197938919
0.024615030735731125,0.1121121197938919
0.024615030735731125,0.1121121197938919
0.024615030735731125,0.1121121197938919
0.024615030735731125,0.1121121197938919
0.024615030735731125,0.1121121197938919
0.024615030735731125,0.1121121197938919
0.024615030735731125,0.1121121197938919
0.024615030735731125,0.1121121197938919
0.024615030735731125,0.1121121197938919
0.024615030735731125,0.1121121197938919
0.024615030735731125,0.1121121197938919
0.024615030735731125,0.1121121197938919
0.024615030735731125,0.1121121197938919
0.024615030735731125,0.1121121197938919
0.024615030735731125,0.1121121197938919
0.024615030735731125,0.1121121197938919
0.011895859614014626,0.11290071904659271
0.011895859614014626,0.11290071904659271
0.011895859614014626,0.11290071904659271
0.011895859614014626,0.11290071904659271
0.011895859614014626,0.11290071904659271
0.011895859614014626,0.11290071904659271
0.011895859614014626,0.11290071904659271
0.011895859614014626,0.11290071904659271
0.011895859614014626,0.11290071904659271
0.011895859614014626,0.11290071904659271
0.011895859614014626,0.11290071904659271
0.011895859614014626,0.11290071904659271
0.011895859614014626,0.11290071904659271
0.011895859614014626,0.11290071904659271
0.011895859614014626,0.11290071904659271
0.011895859614014626,0.11290071904659271
0.011895859614014626,0.11290071904659271
0.011895859614014626,0.11290071904659271
0.011895859614014626,0.11290071904659271
0.011895859614014626,0.11290071904659271
0.008474180474877357,0.11211113631725311
0.008474180474877357,0.11211113631725311
0.008474180474877357,0.11211113631725311
0.008474180474877357,0.11211113631725311
0.008474180474877357,0.11211113631725311
0.008474180474877357,0.11211113631725311
0.008474180474877357,0.11211113631725311
0.008474180474877357,0.11211113631725311
0.008474180474877357,0.11211113631725311
0.008474180474877357,0.11211113631725311
0.008474180474877357,0.11211113631725311
0.008474180474877357,0.11211113631725311
0.008474180474877357,0.11211113631725311
0.008474180474877357,0.11211113631725311
0.008474180474877357,0.11211113631725311
0.008474180474877357,0.11211113631725311
0.008474180474877357,0.11211113631725311
0.008474180474877357,0.11211113631725311
0.008474180474877357,0.11211113631725311
0.008474180474877357,0.11211113631725311
0.04221739619970322,0.11194878071546555
0.04221739619970322,0.11194878071546555
0.04221739619970322,0.11194878071546555
0.04221739619970322,0.11194878071546555
0.04221739619970322,0.11194878071546555
0.04221739619970322,0.11194878071546555
0.04221739619970322,0.11194878071546555
0.04221739619970322,0.11194878071546555
0.04221739619970322,0.11194878071546555
0.04221739619970322,0.11194878071546555
0.04221739619970322,0.11194878071546555
0.04221739619970322,0.11194878071546555
0.04221739619970322,0.11194878071546555
0.04221739619970322,0.11194878071546555
0.04221739619970322,0.11194878071546555
0.04221739619970322,0.11194878071546555
0.04221739619970322,0.11194878071546555
0.04221739619970322,0.11194878071546555
0.04221739619970322,0.11194878071546555
0.04221739619970322,0.11194878071546555
0.021204574033617973,0.11424458771944046
0.021204574033617973,0.11424458771944046
0.021204574033617973,0.11424458771944046
0.021204574033617973,0.11424458771944046
0.021204574033617973,0.11424458771944046
0.021204574033617973,0.11424458771944046
0.021204574033617973,0.11424458771944046
0.021204574033617973,0.11424458771944046
0.021204574033617973,0.11424458771944046
0.021204574033617973,0.11424458771944046
0.021204574033617973,0.11424458771944046
0.021204574033617973,0.11424458771944046
0.021204574033617973,0.11424458771944046
0.021204574033617973,0.11424458771944046
0.021204574033617973,0.11424458771944046
0.021204574033617973,0.11424458771944046
0.021204574033617973,0.11424458771944046
0.021204574033617973,0.11424458771944046
0.021204574033617973,0.11424458771944046
0.021204574033617973,0.11424458771944046
0.016454851254820824,0.1122162863612175
0.016454851254820824,0.1122162863612175
0.016454851254820824,0.1122162863612175
0.016454851254820824,0.1122162863612175
0.016454851254820824,0.1122162863612175
0.016454851254820824,0.1122162863612175
0.016454851254820824,0.1122162863612175
0.016454851254820824,0.1122162863612175
0.016454851254820824,0.1122162863612175
0.016454851254820824,0.1122162863612175
0.016454851254820824,0.1122162863612175
0.016454851254820824,0.1122162863612175
0.016454851254820824,0.1122162863612175
0.016454851254820824,0.1122162863612175
0.016454851254820824,0.1122162863612175
0.016454851254820824,0.1122162863612175
0.016454851254820824,0.1122162863612175
0.016454851254820824,0.1122162863612175
0.016454851254820824,0.1122162863612175
0.016454851254820824,0.1122162863612175
0.015817103907465935,0.11329035460948944
0.015817103907465935,0.11329035460948944
0.015817103907465935,0.11329035460948944
0.015817103907465935,0.11329035460948944
0.015817103907465935,0.11329035460948944
0.015817103907465935,0.11329035460948944
0.015817103907465935,0.11329035460948944
0.015817103907465935,0.11329035460948944
0.015817103907465935,0.11329035460948944
0.015817103907465935,0.11329035460948944
0.015817103907465935,0.11329035460948944
0.015817103907465935,0.11329035460948944
0.015817103907465935,0.11329035460948944
0.015817103907465935,0.11329035460948944
0.015817103907465935,0.11329035460948944
0.015817103907465935,0.11329035460948944
0.015817103907465935,0.11329035460948944
0.015817103907465935,0.11329035460948944
0.015817103907465935,0.11329035460948944
0.015817103907465935,0.11329035460948944
0.011849997565150261,0.11360644549131393
0.011849997565150261,0.11360644549131393
0.011849997565150261,0.11360644549131393
0.011849997565150261,0.11360644549131393
0.011849997565150261,0.11360644549131393
0.011849997565150261,0.11360644549131393
0.011849997565150261,0.11360644549131393
0.011849997565150261,0.11360644549131393
0.011849997565150261,0.11360644549131393
0.011849997565150261,0.11360644549131393
0.011849997565150261,0.11360644549131393
0.011849997565150261,0.11360644549131393
0.011849997565150261,0.11360644549131393
0.011849997565150261,0.11360644549131393
0.011849997565150261,0.11360644549131393
0.011849997565150261,0.11360644549131393
0.011849997565150261,0.11360644549131393
0.011849997565150261,0.11360644549131393
0.011849997565150261,0.11360644549131393
0.011849997565150261,0.11360644549131393
0.019461289048194885,0.1134251281619072
0.019461289048194885,0.1134251281619072
0.019461289048194885,0.1134251281619072
0.019461289048194885,0.1134251281619072
0.019461289048194885,0.1134251281619072
0.019461289048194885,0.1134251281619072
0.019461289048194885,0.1134251281619072
0.019461289048194885,0.1134251281619072
0.019461289048194885,0.1134251281619072
0.019461289048194885,0.1134251281619072
0.019461289048194885,0.1134251281619072
0.019461289048194885,0.1134251281619072
0.019461289048194885,0.1134251281619072
0.019461289048194885,0.1134251281619072
0.019461289048194885,0.1134251281619072
0.019461289048194885,0.1134251281619072
0.019461289048194885,0.1134251281619072
0.019461289048194885,0.1134251281619072
0.019461289048194885,0.1134251281619072
0.019461289048194885,0.1134251281619072
0.007954243570566177,0.11392802745103836
0.007954243570566177,0.11392802745103836
0.007954243570566177,0.11392802745103836
0.007954243570566177,0.11392802745103836
0.007954243570566177,0.11392802745103836
0.007954243570566177,0.11392802745103836
0.007954243570566177,0.11392802745103836
0.007954243570566177,0.11392802745103836
0.007954243570566177,0.11392802745103836
0.007954243570566177,0.11392802745103836
0.007954243570566177,0.11392802745103836
0.007954243570566177,0.11392802745103836
0.007954243570566177,0.11392802745103836
0.007954243570566177,0.11392802745103836
0.007954243570566177,0.11392802745103836
0.007954243570566177,0.11392802745103836
0.007954243570566177,0.11392802745103836
0.007954243570566177,0.11392802745103836
0.007954243570566177,0.11392802745103836
0.007954243570566177,0.11392802745103836
0.02363353781402111,0.11369165033102036
0.02363353781402111,0.11369165033102036
0.02363353781402111,0.11369165033102036
0.02363353781402111,0.11369165033102036
0.02363353781402111,0.11369165033102036
0.02363353781402111,0.11369165033102036
0.02363353781402111,0.11369165033102036
0.02363353781402111,0.11369165033102036
0.02363353781402111,0.11369165033102036
0.02363353781402111,0.11369165033102036
0.02363353781402111,0.11369165033102036
0.02363353781402111,0.11369165033102036
0.02363353781402111,0.11369165033102036
0.02363353781402111,0.11369165033102036
0.02363353781402111,0.11369165033102036
0.02363353781402111,0.11369165033102036
0.02363353781402111,0.11369165033102036
0.02363353781402111,0.11369165033102036
0.02363353781402111,0.11369165033102036
0.02363353781402111,0.11369165033102036
0.021388469263911247,0.1148662343621254
0.021388469263911247,0.1148662343621254
0.021388469263911247,0.1148662343621254
0.021388469263911247,0.1148662343621254
0.021388469263911247,0.1148662343621254
0.021388469263911247,0.1148662343621254
0.021388469263911247,0.1148662343621254
0.021388469263911247,0.1148662343621254
0.021388469263911247,0.1148662343621254
0.021388469263911247,0.1148662343621254
0.021388469263911247,0.1148662343621254
0.021388469263911247,0.1148662343621254
0.021388469263911247,0.1148662343621254
0.021388469263911247,0.1148662343621254
0.021388469263911247,0.1148662343621254
0.021388469263911247,0.1148662343621254
0.021388469263911247,0.1148662343621254
0.021388469263911247,0.1148662343621254
0.021388469263911247,0.1148662343621254
0.021388469263911247,0.1148662343621254
0.030348671600222588,0.11327897757291794
0.030348671600222588,0.11327897757291794
0.030348671600222588,0.11327897757291794
0.030348671600222588,0.11327897757291794
0.030348671600222588,0.11327897757291794
0.030348671600222588,0.11327897757291794
0.030348671600222588,0.11327897757291794
0.030348671600222588,0.11327897757291794
0.030348671600222588,0.11327897757291794
0.030348671600222588,0.11327897757291794
0.030348671600222588,0.11327897757291794
0.030348671600222588,0.11327897757291794
0.030348671600222588,0.11327897757291794
0.030348671600222588,0.11327897757291794
0.030348671600222588,0.11327897757291794
0.030348671600222588,0.11327897757291794
0.030348671600222588,0.11327897757291794
0.030348671600222588,0.11327897757291794
0.030348671600222588,0.11327897757291794
0.030348671600222588,0.11327897757291794
0.041059043258428574,0.11608774214982986
0.041059043258428574,0.11608774214982986
0.041059043258428574,0.11608774214982986
0.041059043258428574,0.11608774214982986
0.041059043258428574,0.11608774214982986
0.041059043258428574,0.11608774214982986
0.041059043258428574,0.11608774214982986
0.041059043258428574,0.11608774214982986
0.041059043258428574,0.11608774214982986
0.041059043258428574,0.11608774214982986
0.041059043258428574,0.11608774214982986
0.041059043258428574,0.11608774214982986
0.041059043258428574,0.11608774214982986
0.041059043258428574,0.11608774214982986
0.041059043258428574,0.11608774214982986
0.041059043258428574,0.11608774214982986
0.041059043258428574,0.11608774214982986
0.041059043258428574,0.11608774214982986
0.041059043258428574,0.11608774214982986
0.041059043258428574,0.11608774214982986
0.008350460790097713,0.11092772334814072
0.008350460790097713,0.11092772334814072
0.008350460790097713,0.11092772334814072
0.008350460790097713,0.11092772334814072
0.008350460790097713,0.11092772334814072
0.008350460790097713,0.11092772334814072
0.008350460790097713,0.11092772334814072
0.008350460790097713,0.11092772334814072
0.008350460790097713,0.11092772334814072
0.008350460790097713,0.11092772334814072
0.008350460790097713,0.11092772334814072
0.008350460790097713,0.11092772334814072
0.008350460790097713,0.11092772334814072
0.008350460790097713,0.11092772334814072
0.008350460790097713,0.11092772334814072
0.008350460790097713,0.11092772334814072
0.008350460790097713,0.11092772334814072
0.008350460790097713,0.11092772334814072
0.008350460790097713,0.11092772334814072
0.008350460790097713,0.11092772334814072
0.013516203500330448,0.11296989768743515
0.013516203500330448,0.11296989768743515
0.013516203500330448,0.11296989768743515
0.013516203500330448,0.11296989768743515
0.013516203500330448,0.11296989768743515
0.013516203500330448,0.11296989768743515
0.013516203500330448,0.11296989768743515
0.013516203500330448,0.11296989768743515
0.013516203500330448,0.11296989768743515
0.013516203500330448,0.11296989768743515
0.013516203500330448,0.11296989768743515
0.013516203500330448,0.11296989768743515
0.013516203500330448,0.11296989768743515
0.013516203500330448,0.11296989768743515
0.013516203500330448,0.11296989768743515
0.013516203500330448,0.11296989768743515
0.013516203500330448,0.11296989768743515
0.013516203500330448,0.11296989768743515
0.013516203500330448,0.11296989768743515
0.013516203500330448,0.11296989768743515
0.01597566343843937,0.11373187601566315
0.01597566343843937,0.11373187601566315
0.01597566343843937,0.11373187601566315
0.01597566343843937,0.11373187601566315
0.01597566343843937,0.11373187601566315
0.01597566343843937,0.11373187601566315
0.01597566343843937,0.11373187601566315
0.01597566343843937,0.11373187601566315
0.01597566343843937,0.11373187601566315
0.01597566343843937,0.11373187601566315
0.01597566343843937,0.11373187601566315
0.01597566343843937,0.11373187601566315
0.01597566343843937,0.11373187601566315
0.01597566343843937,0.11373187601566315
0.01597566343843937,0.11373187601566315
0.01597566343843937,0.11373187601566315
0.01597566343843937,0.11373187601566315
0.01597566343843937,0.11373187601566315
0.01597566343843937,0.11373187601566315
0.01597566343843937,0.11373187601566315
0.0338234044611454,0.11587385833263397
0.0338234044611454,0.11587385833263397
0.0338234044611454,0.11587385833263397
0.0338234044611454,0.11587385833263397
0.0338234044611454,0.11587385833263397
0.0338234044611454,0.11587385833263397
0.0338234044611454,0.11587385833263397
0.0338234044611454,0.11587385833263397
0.0338234044611454,0.11587385833263397
0.0338234044611454,0.11587385833263397
0.0338234044611454,0.11587385833263397
0.0338234044611454,0.11587385833263397
0.0338234044611454,0.11587385833263397
0.0338234044611454,0.11587385833263397
0.0338234044611454,0.11587385833263397
0.0338234044611454,0.11587385833263397
0.0338234044611454,0.11587385833263397
0.0338234044611454,0.11587385833263397
0.0338234044611454,0.11587385833263397
0.0338234044611454,0.11587385833263397
0.06396578252315521,0.11400839686393738
0.06396578252315521,0.11400839686393738
0.06396578252315521,0.11400839686393738
0.06396578252315521,0.11400839686393738
0.06396578252315521,0.11400839686393738
0.06396578252315521,0.11400839686393738
0.06396578252315521,0.11400839686393738
0.06396578252315521,0.11400839686393738
0.06396578252315521,0.11400839686393738
0.06396578252315521,0.11400839686393738
0.06396578252315521,0.11400839686393738
0.06396578252315521,0.11400839686393738
0.06396578252315521,0.11400839686393738
0.06396578252315521,0.11400839686393738
0.06396578252315521,0.11400839686393738
0.06396578252315521,0.11400839686393738
0.06396578252315521,0.11400839686393738
0.06396578252315521,0.11400839686393738
0.06396578252315521,0.11400839686393738
0.06396578252315521,0.11400839686393738
0.026588240638375282,0.11432688683271408
0.026588240638375282,0.11432688683271408
0.026588240638375282,0.11432688683271408
0.026588240638375282,0.11432688683271408
0.026588240638375282,0.11432688683271408
0.026588240638375282,0.11432688683271408
0.026588240638375282,0.11432688683271408
0.026588240638375282,0.11432688683271408
0.026588240638375282,0.11432688683271408
0.026588240638375282,0.11432688683271408
0.026588240638375282,0.11432688683271408
0.026588240638375282,0.11432688683271408
0.026588240638375282,0.11432688683271408
0.026588240638375282,0.11432688683271408
0.026588240638375282,0.11432688683271408
0.026588240638375282,0.11432688683271408
0.026588240638375282,0.11432688683271408
0.026588240638375282,0.11432688683271408
0.026588240638375282,0.11432688683271408
0.026588240638375282,0.11432688683271408
0.014622754417359829,0.11479222029447556
0.014622754417359829,0.11479222029447556
0.014622754417359829,0.11479222029447556
0.014622754417359829,0.11479222029447556
0.014622754417359829,0.11479222029447556
0.014622754417359829,0.11479222029447556
0.014622754417359829,0.11479222029447556
0.014622754417359829,0.11479222029447556
0.014622754417359829,0.11479222029447556
0.014622754417359829,0.11479222029447556
0.014622754417359829,0.11479222029447556
0.014622754417359829,0.11479222029447556
0.014622754417359829,0.11479222029447556
0.014622754417359829,0.11479222029447556
0.014622754417359829,0.11479222029447556
0.014622754417359829,0.11479222029447556
0.014622754417359829,0.11479222029447556
0.014622754417359829,0.11479222029447556
0.014622754417359829,0.11479222029447556
0.014622754417359829,0.11479222029447556
0.023269670084118843,0.11330034583806992
0.023269670084118843,0.11330034583806992
0.023269670084118843,0.11330034583806992
0.023269670084118843,0.11330034583806992
0.023269670084118843,0.11330034583806992
0.023269670084118843,0.11330034583806992
0.023269670084118843,0.11330034583806992
0.023269670084118843,0.11330034583806992
0.023269670084118843,0.11330034583806992
0.023269670084118843,0.11330034583806992
0.023269670084118843,0.11330034583806992
0.023269670084118843,0.11330034583806992
0.023269670084118843,0.11330034583806992
0.023269670084118843,0.11330034583806992
0.023269670084118843,0.11330034583806992
0.023269670084118843,0.11330034583806992
0.023269670084118843,0.11330034583806992
0.023269670084118843,0.11330034583806992
0.023269670084118843,0.11330034583806992
0.023269670084118843,0.11330034583806992
0.006338174920529127,0.1125338152050972
0.006338174920529127,0.1125338152050972
0.006338174920529127,0.1125338152050972
0.006338174920529127,0.1125338152050972
0.006338174920529127,0.1125338152050972
0.006338174920529127,0.1125338152050972
0.006338174920529127,0.1125338152050972
0.006338174920529127,0.1125338152050972
0.006338174920529127,0.1125338152050972
0.006338174920529127,0.1125338152050972
0.006338174920529127,0.1125338152050972
0.006338174920529127,0.1125338152050972
0.006338174920529127,0.1125338152050972
0.006338174920529127,0.1125338152050972
0.006338174920529127,0.1125338152050972
0.006338174920529127,0.1125338152050972
0.006338174920529127,0.1125338152050972
0.006338174920529127,0.1125338152050972
0.006338174920529127,0.1125338152050972
0.006338174920529127,0.1125338152050972
0.06090659275650978,0.11062417924404144
0.06090659275650978,0.11062417924404144
0.06090659275650978,0.11062417924404144
0.06090659275650978,0.11062417924404144
0.06090659275650978,0.11062417924404144
0.06090659275650978,0.11062417924404144
0.06090659275650978,0.11062417924404144
0.06090659275650978,0.11062417924404144
0.06090659275650978,0.11062417924404144
0.06090659275650978,0.11062417924404144
0.06090659275650978,0.11062417924404144
0.06090659275650978,0.11062417924404144
0.06090659275650978,0.11062417924404144
0.06090659275650978,0.11062417924404144
0.06090659275650978,0.11062417924404144
0.06090659275650978,0.11062417924404144
0.06090659275650978,0.11062417924404144
0.06090659275650978,0.11062417924404144
0.06090659275650978,0.11062417924404144
0.06090659275650978,0.11062417924404144
0.030723216012120247,0.11319124698638916
0.030723216012120247,0.11319124698638916
0.030723216012120247,0.11319124698638916
0.030723216012120247,0.11319124698638916
0.030723216012120247,0.11319124698638916
0.030723216012120247,0.11319124698638916
0.030723216012120247,0.11319124698638916
0.030723216012120247,0.11319124698638916
0.030723216012120247,0.11319124698638916
0.030723216012120247,0.11319124698638916
0.030723216012120247,0.11319124698638916
0.030723216012120247,0.11319124698638916
0.030723216012120247,0.11319124698638916
0.030723216012120247,0.11319124698638916
0.030723216012120247,0.11319124698638916
0.030723216012120247,0.11319124698638916
0.030723216012120247,0.11319124698638916
0.030723216012120247,0.11319124698638916
0.030723216012120247,0.11319124698638916
0.030723216012120247,0.11319124698638916
0.014873255044221878,0.11176643520593643
0.014873255044221878,0.11176643520593643
0.014873255044221878,0.11176643520593643
0.014873255044221878,0.11176643520593643
0.014873255044221878,0.11176643520593643
0.014873255044221878,0.11176643520593643
0.014873255044221878,0.11176643520593643
0.014873255044221878,0.11176643520593643
0.014873255044221878,0.11176643520593643
0.014873255044221878,0.11176643520593643
0.014873255044221878,0.11176643520593643
0.014873255044221878,0.11176643520593643
0.014873255044221878,0.11176643520593643
0.014873255044221878,0.11176643520593643
0.014873255044221878,0.11176643520593643
0.014873255044221878,0.11176643520593643
0.014873255044221878,0.11176643520593643
0.014873255044221878,0.11176643520593643
0.014873255044221878,0.11176643520593643
0.014873255044221878,0.11176643520593643
0.010121069848537445,0.11369854211807251
0.010121069848537445,0.11369854211807251
0.010121069848537445,0.11369854211807251
0.010121069848537445,0.11369854211807251
0.010121069848537445,0.11369854211807251
0.010121069848537445,0.11369854211807251
0.010121069848537445,0.11369854211807251
0.010121069848537445,0.11369854211807251
0.010121069848537445,0.11369854211807251
0.010121069848537445,0.11369854211807251
0.010121069848537445,0.11369854211807251
0.010121069848537445,0.11369854211807251
0.010121069848537445,0.11369854211807251
0.010121069848537445,0.11369854211807251
0.010121069848537445,0.11369854211807251
0.010121069848537445,0.11369854211807251
0.010121069848537445,0.11369854211807251
0.010121069848537445,0.11369854211807251
0.010121069848537445,0.11369854211807251
0.010121069848537445,0.11369854211807251
0.01416714396327734,0.1112210676074028
0.01416714396327734,0.1112210676074028
0.01416714396327734,0.1112210676074028
0.01416714396327734,0.1112210676074028
0.01416714396327734,0.1112210676074028
0.01416714396327734,0.1112210676074028
0.01416714396327734,0.1112210676074028
0.01416714396327734,0.1112210676074028
0.01416714396327734,0.1112210676074028
0.01416714396327734,0.1112210676074028
0.01416714396327734,0.1112210676074028
0.01416714396327734,0.1112210676074028
0.01416714396327734,0.1112210676074028
0.01416714396327734,0.1112210676074028
0.01416714396327734,0.1112210676074028
0.01416714396327734,0.1112210676074028
0.01416714396327734,0.1112210676074028
0.01416714396327734,0.1112210676074028
0.01416714396327734,0.1112210676074028
0.01416714396327734,0.1112210676074028
0.04709780588746071,0.11260243505239487
0.04709780588746071,0.11260243505239487
0.04709780588746071,0.11260243505239487
0.04709780588746071,0.11260243505239487
0.04709780588746071,0.11260243505239487
0.04709780588746071,0.11260243505239487
0.04709780588746071,0.11260243505239487
0.04709780588746071,0.11260243505239487
0.04709780588746071,0.11260243505239487
0.04709780588746071,0.11260243505239487
0.04709780588746071,0.11260243505239487
0.04709780588746071,0.11260243505239487
0.04709780588746071,0.11260243505239487
0.04709780588746071,0.11260243505239487
0.04709780588746071,0.11260243505239487
0.04709780588746071,0.11260243505239487
0.04709780588746071,0.11260243505239487
0.04709780588746071,0.11260243505239487
0.04709780588746071,0.11260243505239487
0.04709780588746071,0.11260243505239487
0.007468411233276129,0.11162565648555756
0.007468411233276129,0.11162565648555756
0.007468411233276129,0.11162565648555756
0.007468411233276129,0.11162565648555756
0.007468411233276129,0.11162565648555756
0.007468411233276129,0.11162565648555756
0.007468411233276129,0.11162565648555756
0.007468411233276129,0.11162565648555756
0.007468411233276129,0.11162565648555756
0.007468411233276129,0.11162565648555756
0.007468411233276129,0.11162565648555756
0.007468411233276129,0.11162565648555756
0.007468411233276129,0.11162565648555756
0.007468411233276129,0.11162565648555756
0.007468411233276129,0.11162565648555756
0.007468411233276129,0.11162565648555756
0.007468411233276129,0.11162565648555756
0.007468411233276129,0.11162565648555756
0.007468411233276129,0.11162565648555756
0.007468411233276129,0.11162565648555756
0.006516708061099052,0.11178472638130188
0.006516708061099052,0.11178472638130188
0.006516708061099052,0.11178472638130188
0.006516708061099052,0.11178472638130188
0.006516708061099052,0.11178472638130188
0.006516708061099052,0.11178472638130188
0.006516708061099052,0.11178472638130188
0.006516708061099052,0.11178472638130188
0.006516708061099052,0.11178472638130188
0.006516708061099052,0.11178472638130188
0.006516708061099052,0.11178472638130188
0.006516708061099052,0.11178472638130188
0.006516708061099052,0.11178472638130188
0.006516708061099052,0.11178472638130188
0.006516708061099052,0.11178472638130188
0.006516708061099052,0.11178472638130188
0.006516708061099052,0.11178472638130188
0.006516708061099052,0.11178472638130188
0.006516708061099052,0.11178472638130188
0.006516708061099052,0.11178472638130188
0.018201543018221855,0.11335090547800064
0.018201543018221855,0.11335090547800064
0.018201543018221855,0.11335090547800064
0.018201543018221855,0.11335090547800064
0.018201543018221855,0.11335090547800064
0.018201543018221855,0.11335090547800064
0.018201543018221855,0.11335090547800064
0.018201543018221855,0.11335090547800064
0.018201543018221855,0.11335090547800064
0.018201543018221855,0.11335090547800064
0.018201543018221855,0.11335090547800064
0.018201543018221855,0.11335090547800064
0.018201543018221855,0.11335090547800064
0.018201543018221855,0.11335090547800064
0.018201543018221855,0.11335090547800064
0.018201543018221855,0.11335090547800064
0.018201543018221855,0.11335090547800064
0.018201543018221855,0.11335090547800064
0.018201543018221855,0.11335090547800064
0.018201543018221855,0.11335090547800064
0.012682264670729637,0.11349840462207794
0.012682264670729637,0.11349840462207794
0.012682264670729637,0.11349840462207794
0.012682264670729637,0.11349840462207794
0.012682264670729637,0.11349840462207794
0.012682264670729637,0.11349840462207794
0.012682264670729637,0.11349840462207794
0.012682264670729637,0.11349840462207794
0.012682264670729637,0.11349840462207794
0.012682264670729637,0.11349840462207794
0.012682264670729637,0.11349840462207794
0.012682264670729637,0.11349840462207794
0.012682264670729637,0.11349840462207794
0.012682264670729637,0.11349840462207794
0.012682264670729637,0.11349840462207794
0.012682264670729637,0.11349840462207794
0.012682264670729637,0.11349840462207794
0.012682264670729637,0.11349840462207794
0.012682264670729637,0.11349840462207794
0.012682264670729637,0.11349840462207794
0.05689325928688049,0.11415059864521027
0.05689325928688049,0.11415059864521027
0.05689325928688049,0.11415059864521027
0.05689325928688049,0.11415059864521027
0.05689325928688049,0.11415059864521027
0.05689325928688049,0.11415059864521027
0.05689325928688049,0.11415059864521027
0.05689325928688049,0.11415059864521027
0.05689325928688049,0.11415059864521027
0.05689325928688049,0.11415059864521027
0.05689325928688049,0.11415059864521027
0.05689325928688049,0.11415059864521027
0.05689325928688049,0.11415059864521027
0.05689325928688049,0.11415059864521027
0.05689325928688049,0.11415059864521027
0.05689325928688049,0.11415059864521027
0.05689325928688049,0.11415059864521027
0.05689325928688049,0.11415059864521027
0.05689325928688049,0.11415059864521027
0.05689325928688049,0.11415059864521027
0.014648792333900928,0.11392585188150406
0.014648792333900928,0.11392585188150406
0.014648792333900928,0.11392585188150406
0.014648792333900928,0.11392585188150406
0.014648792333900928,0.11392585188150406
0.014648792333900928,0.11392585188150406
0.014648792333900928,0.11392585188150406
0.014648792333900928,0.11392585188150406
0.014648792333900928,0.11392585188150406
0.014648792333900928,0.11392585188150406
0.014648792333900928,0.11392585188150406
0.014648792333900928,0.11392585188150406
0.014648792333900928,0.11392585188150406
0.014648792333900928,0.11392585188150406
0.014648792333900928,0.11392585188150406
0.014648792333900928,0.11392585188150406
0.014648792333900928,0.11392585188150406
0.014648792333900928,0.11392585188150406
0.014648792333900928,0.11392585188150406
0.014648792333900928,0.11392585188150406
0.007896093651652336,0.1131635382771492
0.007896093651652336,0.1131635382771492
0.007896093651652336,0.1131635382771492
0.007896093651652336,0.1131635382771492
0.007896093651652336,0.1131635382771492
0.007896093651652336,0.1131635382771492
0.007896093651652336,0.1131635382771492
0.007896093651652336,0.1131635382771492
0.007896093651652336,0.1131635382771492
0.007896093651652336,0.1131635382771492
0.007896093651652336,0.1131635382771492
0.007896093651652336,0.1131635382771492
0.007896093651652336,0.1131635382771492
0.007896093651652336,0.1131635382771492
0.007896093651652336,0.1131635382771492
0.007896093651652336,0.1131635382771492
0.007896093651652336,0.1131635382771492
0.007896093651652336,0.1131635382771492
0.007896093651652336,0.1131635382771492
0.007896093651652336,0.1131635382771492
0.014801989309489727,0.1122501939535141
0.014801989309489727,0.1122501939535141
0.014801989309489727,0.1122501939535141
0.014801989309489727,0.1122501939535141
0.014801989309489727,0.1122501939535141
0.014801989309489727,0.1122501939535141
0.014801989309489727,0.1122501939535141
0.014801989309489727,0.1122501939535141
0.014801989309489727,0.1122501939535141
0.014801989309489727,0.1122501939535141
0.014801989309489727,0.1122501939535141
0.014801989309489727,0.1122501939535141
0.014801989309489727,0.1122501939535141
0.014801989309489727,0.1122501939535141
0.014801989309489727,0.1122501939535141
0.014801989309489727,0.1122501939535141
0.014801989309489727,0.1122501939535141
0.014801989309489727,0.1122501939535141
0.014801989309489727,0.1122501939535141
0.014801989309489727,0.1122501939535141
0.009744703769683838,0.11240937560796738
0.009744703769683838,0.11240937560796738
0.009744703769683838,0.11240937560796738
0.009744703769683838,0.11240937560796738
0.009744703769683838,0.11240937560796738
0.009744703769683838,0.11240937560796738
0.009744703769683838,0.11240937560796738
0.009744703769683838,0.11240937560796738
0.009744703769683838,0.11240937560796738
0.009744703769683838,0.11240937560796738
0.009744703769683838,0.11240937560796738
0.009744703769683838,0.11240937560796738
0.009744703769683838,0.11240937560796738
0.009744703769683838,0.11240937560796738
0.009744703769683838,0.11240937560796738
0.009744703769683838,0.11240937560796738
0.009744703769683838,0.11240937560796738
0.009744703769683838,0.11240937560796738
0.009744703769683838,0.11240937560796738
0.009744703769683838,0.11240937560796738
0.05194692313671112,0.11154608428478241
0.05194692313671112,0.11154608428478241
0.05194692313671112,0.11154608428478241
0.05194692313671112,0.11154608428478241
0.05194692313671112,0.11154608428478241
0.05194692313671112,0.11154608428478241
0.05194692313671112,0.11154608428478241
0.05194692313671112,0.11154608428478241
0.05194692313671112,0.11154608428478241
0.05194692313671112,0.11154608428478241
0.05194692313671112,0.11154608428478241
0.05194692313671112,0.11154608428478241
0.05194692313671112,0.11154608428478241
0.05194692313671112,0.11154608428478241
0.05194692313671112,0.11154608428478241
0.05194692313671112,0.11154608428478241
0.05194692313671112,0.11154608428478241
0.05194692313671112,0.11154608428478241
0.05194692313671112,0.11154608428478241
0.05194692313671112,0.11154608428478241
0.022781776264309883,0.11258071660995483
0.022781776264309883,0.11258071660995483
0.022781776264309883,0.11258071660995483
0.022781776264309883,0.11258071660995483
0.022781776264309883,0.11258071660995483
0.022781776264309883,0.11258071660995483
0.022781776264309883,0.11258071660995483
0.022781776264309883,0.11258071660995483
0.022781776264309883,0.11258071660995483
0.022781776264309883,0.11258071660995483
0.022781776264309883,0.11258071660995483
0.022781776264309883,0.11258071660995483
0.022781776264309883,0.11258071660995483
0.022781776264309883,0.11258071660995483
0.022781776264309883,0.11258071660995483
0.022781776264309883,0.11258071660995483
0.022781776264309883,0.11258071660995483
0.022781776264309883,0.11258071660995483
0.022781776264309883,0.11258071660995483
0.022781776264309883,0.11258071660995483
0.02819140814244747,0.11736960709095001
0.02819140814244747,0.11736960709095001
0.02819140814244747,0.11736960709095001
0.02819140814244747,0.11736960709095001
0.02819140814244747,0.11736960709095001
0.02819140814244747,0.11736960709095001
0.02819140814244747,0.11736960709095001
0.02819140814244747,0.11736960709095001
0.02819140814244747,0.11736960709095001
0.02819140814244747,0.11736960709095001
0.02819140814244747,0.11736960709095001
0.02819140814244747,0.11736960709095001
0.02819140814244747,0.11736960709095001
0.02819140814244747,0.11736960709095001
0.02819140814244747,0.11736960709095001
0.02819140814244747,0.11736960709095001
0.02819140814244747,0.11736960709095001
0.02819140814244747,0.11736960709095001
0.02819140814244747,0.11736960709095001
0.02819140814244747,0.11736960709095001
0.02865138277411461,0.1162041425704956
0.02865138277411461,0.1162041425704956
0.02865138277411461,0.1162041425704956
0.02865138277411461,0.1162041425704956
0.02865138277411461,0.1162041425704956
0.02865138277411461,0.1162041425704956
0.02865138277411461,0.1162041425704956
0.02865138277411461,0.1162041425704956
0.02865138277411461,0.1162041425704956
0.02865138277411461,0.1162041425704956
0.02865138277411461,0.1162041425704956
0.02865138277411461,0.1162041425704956
0.02865138277411461,0.1162041425704956
0.02865138277411461,0.1162041425704956
0.02865138277411461,0.1162041425704956
0.02865138277411461,0.1162041425704956
0.02865138277411461,0.1162041425704956
0.02865138277411461,0.1162041425704956
0.02865138277411461,0.1162041425704956
0.02865138277411461,0.1162041425704956
0.025981342419981956,0.11506211012601852
0.025981342419981956,0.11506211012601852
0.025981342419981956,0.11506211012601852
0.025981342419981956,0.11506211012601852
0.025981342419981956,0.11506211012601852
0.025981342419981956,0.11506211012601852
0.025981342419981956,0.11506211012601852
0.025981342419981956,0.11506211012601852
0.025981342419981956,0.11506211012601852
0.025981342419981956,0.11506211012601852
0.025981342419981956,0.11506211012601852
0.025981342419981956,0.11506211012601852
0.025981342419981956,0.11506211012601852
0.025981342419981956,0.11506211012601852
0.025981342419981956,0.11506211012601852
0.025981342419981956,0.11506211012601852
0.025981342419981956,0.11506211012601852
0.025981342419981956,0.11506211012601852
0.025981342419981956,0.11506211012601852
0.025981342419981956,0.11506211012601852
0.03916173428297043,0.11366789788007736
0.03916173428297043,0.11366789788007736
0.03916173428297043,0.11366789788007736
0.03916173428297043,0.11366789788007736
0.03916173428297043,0.11366789788007736
0.03916173428297043,0.11366789788007736
0.03916173428297043,0.11366789788007736
0.03916173428297043,0.11366789788007736
0.03916173428297043,0.11366789788007736
0.03916173428297043,0.11366789788007736
0.03916173428297043,0.11366789788007736
0.03916173428297043,0.11366789788007736
0.03916173428297043,0.11366789788007736
0.03916173428297043,0.11366789788007736
0.03916173428297043,0.11366789788007736
0.03916173428297043,0.11366789788007736
0.03916173428297043,0.11366789788007736
0.03916173428297043,0.11366789788007736
0.03916173428297043,0.11366789788007736
0.03916173428297043,0.11366789788007736
0.051976535469293594,0.11867659538984299
0.051976535469293594,0.11867659538984299
0.051976535469293594,0.11867659538984299
0.051976535469293594,0.11867659538984299
0.051976535469293594,0.11867659538984299
0.051976535469293594,0.11867659538984299
0.051976535469293594,0.11867659538984299
0.051976535469293594,0.11867659538984299
0.051976535469293594,0.11867659538984299
0.051976535469293594,0.11867659538984299
0.051976535469293594,0.11867659538984299
0.051976535469293594,0.11867659538984299
0.051976535469293594,0.11867659538984299
0.051976535469293594,0.11867659538984299
0.051976535469293594,0.11867659538984299
0.051976535469293594,0.11867659538984299
0.051976535469293594,0.11867659538984299
0.051976535469293594,0.11867659538984299
0.051976535469293594,0.11867659538984299
0.051976535469293594,0.11867659538984299
0.04865046218037605,0.11889266222715378
0.04865046218037605,0.11889266222715378
0.04865046218037605,0.11889266222715378
0.04865046218037605,0.11889266222715378
0.04865046218037605,0.11889266222715378
0.04865046218037605,0.11889266222715378
0.04865046218037605,0.11889266222715378
0.04865046218037605,0.11889266222715378
0.04865046218037605,0.11889266222715378
0.04865046218037605,0.11889266222715378
0.04865046218037605,0.11889266222715378
0.04865046218037605,0.11889266222715378
0.04865046218037605,0.11889266222715378
0.04865046218037605,0.11889266222715378
0.04865046218037605,0.11889266222715378
0.04865046218037605,0.11889266222715378
0.04865046218037605,0.11889266222715378
0.04865046218037605,0.11889266222715378
0.04865046218037605,0.11889266222715378
0.04865046218037605,0.11889266222715378
0.037312235683202744,0.1176990419626236
0.037312235683202744,0.1176990419626236
0.037312235683202744,0.1176990419626236
0.037312235683202744,0.1176990419626236
0.037312235683202744,0.1176990419626236
0.037312235683202744,0.1176990419626236
0.037312235683202744,0.1176990419626236
0.037312235683202744,0.1176990419626236
0.037312235683202744,0.1176990419626236
0.037312235683202744,0.1176990419626236
0.037312235683202744,0.1176990419626236
0.037312235683202744,0.1176990419626236
0.037312235683202744,0.1176990419626236
0.037312235683202744,0.1176990419626236
0.037312235683202744,0.1176990419626236
0.037312235683202744,0.1176990419626236
0.037312235683202744,0.1176990419626236
0.037312235683202744,0.1176990419626236
0.037312235683202744,0.1176990419626236
0.037312235683202744,0.1176990419626236
0.03995644673705101,0.11827317625284195
0.03995644673705101,0.11827317625284195
0.03995644673705101,0.11827317625284195
0.03995644673705101,0.11827317625284195
0.03995644673705101,0.11827317625284195
0.03995644673705101,0.11827317625284195
0.03995644673705101,0.11827317625284195
0.03995644673705101,0.11827317625284195
0.03995644673705101,0.11827317625284195
0.03995644673705101,0.11827317625284195
0.03995644673705101,0.11827317625284195
0.03995644673705101,0.11827317625284195
0.03995644673705101,0.11827317625284195
0.03995644673705101,0.11827317625284195
0.03995644673705101,0.11827317625284195
0.03995644673705101,0.11827317625284195
0.03995644673705101,0.11827317625284195
0.03995644673705101,0.11827317625284195
0.03995644673705101,0.11827317625284195
0.03995644673705101,0.11827317625284195
0.0532064288854599,0.11680521816015244
0.0532064288854599,0.11680521816015244
0.0532064288854599,0.11680521816015244
0.0532064288854599,0.11680521816015244
0.0532064288854599,0.11680521816015244
0.0532064288854599,0.11680521816015244
0.0532064288854599,0.11680521816015244
0.0532064288854599,0.11680521816015244
0.0532064288854599,0.11680521816015244
0.0532064288854599,0.11680521816015244
0.0532064288854599,0.11680521816015244
0.0532064288854599,0.11680521816015244
0.0532064288854599,0.11680521816015244
0.0532064288854599,0.11680521816015244
0.0532064288854599,0.11680521816015244
0.0532064288854599,0.11680521816015244
0.0532064288854599,0.11680521816015244
0.0532064288854599,0.11680521816015244
0.0532064288854599,0.11680521816015244
0.0532064288854599,0.11680521816015244
0.04316835477948189,0.1183878630399704
0.04316835477948189,0.1183878630399704
0.04316835477948189,0.1183878630399704
0.04316835477948189,0.1183878630399704
0.04316835477948189,0.1183878630399704
0.04316835477948189,0.1183878630399704
0.04316835477948189,0.1183878630399704
0.04316835477948189,0.1183878630399704
0.04316835477948189,0.1183878630399704
0.04316835477948189,0.1183878630399704
0.04316835477948189,0.1183878630399704
0.04316835477948189,0.1183878630399704
0.04316835477948189,0.1183878630399704
0.04316835477948189,0.1183878630399704
0.04316835477948189,0.1183878630399704
0.04316835477948189,0.1183878630399704
0.04316835477948189,0.1183878630399704
0.04316835477948189,0.1183878630399704
0.04316835477948189,0.1183878630399704
0.04316835477948189,0.1183878630399704
0.038828253746032715,0.11835110932588577
0.038828253746032715,0.11835110932588577
0.038828253746032715,0.11835110932588577
0.038828253746032715,0.11835110932588577
0.038828253746032715,0.11835110932588577
0.038828253746032715,0.11835110932588577
0.038828253746032715,0.11835110932588577
0.038828253746032715,0.11835110932588577
0.038828253746032715,0.11835110932588577
0.038828253746032715,0.11835110932588577
0.038828253746032715,0.11835110932588577
0.038828253746032715,0.11835110932588577
0.038828253746032715,0.11835110932588577
0.038828253746032715,0.11835110932588577
0.038828253746032715,0.11835110932588577
0.038828253746032715,0.11835110932588577
0.038828253746032715,0.11835110932588577
0.038828253746032715,0.11835110932588577
0.038828253746032715,0.11835110932588577
0.038828253746032715,0.11835110932588577
0.026857664808630943,0.11788021773099899
0.026857664808630943,0.11788021773099899
0.026857664808630943,0.11788021773099899
0.026857664808630943,0.11788021773099899
0.026857664808630943,0.11788021773099899
0.026857664808630943,0.11788021773099899
0.026857664808630943,0.11788021773099899
0.026857664808630943,0.11788021773099899
0.026857664808630943,0.11788021773099899
0.026857664808630943,0.11788021773099899
0.026857664808630943,0.11788021773099899
0.026857664808630943,0.11788021773099899
0.026857664808630943,0.11788021773099899
0.026857664808630943,0.11788021773099899
0.026857664808630943,0.11788021773099899
0.026857664808630943,0.11788021773099899
0.026857664808630943,0.11788021773099899
0.026857664808630943,0.11788021773099899
0.026857664808630943,0.11788021773099899
0.026857664808630943,0.11788021773099899
0.036962129175662994,0.11693225055932999
0.036962129175662994,0.11693225055932999
0.036962129175662994,0.11693225055932999
0.036962129175662994,0.11693225055932999
0.036962129175662994,0.11693225055932999
0.036962129175662994,0.11693225055932999
0.036962129175662994,0.11693225055932999
0.036962129175662994,0.11693225055932999
0.036962129175662994,0.11693225055932999
0.036962129175662994,0.11693225055932999
0.036962129175662994,0.11693225055932999
0.036962129175662994,0.11693225055932999
0.036962129175662994,0.11693225055932999
0.036962129175662994,0.11693225055932999
0.036962129175662994,0.11693225055932999
0.036962129175662994,0.11693225055932999
0.036962129175662994,0.11693225055932999
0.036962129175662994,0.11693225055932999
0.036962129175662994,0.11693225055932999
0.036962129175662994,0.11693225055932999
0.05459615960717201,0.11755682528018951
0.05459615960717201,0.11755682528018951
0.05459615960717201,0.11755682528018951
0.05459615960717201,0.11755682528018951
0.05459615960717201,0.11755682528018951
0.05459615960717201,0.11755682528018951
0.05459615960717201,0.11755682528018951
0.05459615960717201,0.11755682528018951
0.05459615960717201,0.11755682528018951
0.05459615960717201,0.11755682528018951
0.05459615960717201,0.11755682528018951
0.05459615960717201,0.11755682528018951
0.05459615960717201,0.11755682528018951
0.05459615960717201,0.11755682528018951
0.05459615960717201,0.11755682528018951
0.05459615960717201,0.11755682528018951
0.05459615960717201,0.11755682528018951
0.05459615960717201,0.11755682528018951
0.05459615960717201,0.11755682528018951
0.05459615960717201,0.11755682528018951
0.038224268704652786,0.11904514580965042
0.038224268704652786,0.11904514580965042
0.038224268704652786,0.11904514580965042
0.038224268704652786,0.11904514580965042
0.038224268704652786,0.11904514580965042
0.038224268704652786,0.11904514580965042
0.038224268704652786,0.11904514580965042
0.038224268704652786,0.11904514580965042
0.038224268704652786,0.11904514580965042
0.038224268704652786,0.11904514580965042
0.038224268704652786,0.11904514580965042
0.038224268704652786,0.11904514580965042
0.038224268704652786,0.11904514580965042
0.038224268704652786,0.11904514580965042
0.038224268704652786,0.11904514580965042
0.038224268704652786,0.11904514580965042
0.038224268704652786,0.11904514580965042
0.038224268704652786,0.11904514580965042
0.038224268704652786,0.11904514580965042
0.038224268704652786,0.11904514580965042
0.7216099500656128,0.22356478869915009
0.7216099500656128,0.22356478869915009
0.7216099500656128,0.22356478869915009
0.7216099500656128,0.22356478869915009
0.7216099500656128,0.22356478869915009
0.7216099500656128,0.22356478869915009
0.7216099500656128,0.22356478869915009
0.7216099500656128,0.22356478869915009
0.7216099500656128,0.22356478869915009
0.7216099500656128,0.22356478869915009
